2008-04-21 21:33:35.324360,Lisa Fernandez,61271,Johnburgh,2808552529,nancy52@example.net,199.53.237.223
1995-07-30 19:49:48.927621,Raymond Smith,28628,Ronaldland,868-836-3780,gonzalesdaniel@example.com,102.122.159.184
2009-08-12 02:23:03.225327,Timothy Parks,39406,South Mitchellchester,7765263645,misty95@example.org,131.221.160.81
2011-06-20 02:54:30.311130,Joshua Burns,87490,East Timothy,001-926-341-3931x7977,dlynn@example.org,132.121.166.62
1980-03-29 13:17:47.669058,David Smith,53911,Port Kathleenshire,001-861-770-2426x9506,josephhogan@example.com,21.38.131.35
2001-10-30 14:15:37.913065,Frederick Frost,26273,Port Dominiqueport,+1-234-662-8188,ntorres@example.com,191.85.81.197
2000-10-13 07:43:43.379350,Gabriel Marsh,50223,South Abigailfort,597.399.2549x1969,sandra80@example.net,17.241.156.118
2004-03-01 06:18:54.504756,Michael Frazier,45428,East Troy,001-530-931-6319x76199,amynichols@example.org,28.10.144.236
1978-05-03 20:43:17.836275,Scott Erickson IV,29545,North Ryan,272.693.7513x6819,luis42@example.org,217.49.21.58
2016-11-02 10:29:11.755085,Bradley Bentley,79457,Garrettchester,+1-548-200-0984x68556,astein@example.com,76.187.107.236
1974-06-29 03:52:21.197012,Daniel Anderson,52866,Kimberlyborough,853-279-8146,tinaperez@example.net,223.19.55.134
2014-10-21 13:19:41.998534,Erin Whitaker,39434,West Erin,707.955.6642x185,adam05@example.com,166.52.92.116
2023-11-27 11:19:36.643468,Samantha Rodriguez,35087,Jasmineview,292-900-2764,ophillips@example.net,202.169.133.238
1987-02-02 04:03:55.151773,Angel Long,80635,Kimberlyfurt,353-938-7548x9817,aguilarcourtney@example.org,10.53.151.12
2002-01-19 19:46:21.926080,Tyler Roth,57789,West Robertburgh,776-205-5383x43937,evansraymond@example.org,207.76.243.253
1998-03-18 01:46:54.192645,Gavin Buck,99698,North Dannyport,001-827-555-5273x3975,normantara@example.com,162.157.186.21
2021-02-09 12:14:17.749161,Jessica Crane,71857,Andreamouth,001-581-703-9888x163,edwardsmichelle@example.org,167.129.151.251
2022-03-16 17:58:42.178930,Jennifer Moon,86439,East Judith,634.800.9140x354,kimberlypayne@example.org,56.139.223.54
2006-03-28 13:44:17.224480,Andrea Austin,71700,North Erikborough,(721)211-0610x76031,smithjeffrey@example.com,132.151.131.176
1983-07-03 22:14:26.421593,Thomas Dunn,40016,Michaelland,4885497624,pjohnston@example.com,188.134.7.6
2011-03-14 10:32:43.787960,Sean Cooke,55706,Walkerport,001-870-813-8584x15617,ghill@example.com,174.184.142.29
2021-11-17 10:50:09.701743,Susan Salazar,12757,Adrianland,001-704-975-2881,ogonzalez@example.net,48.131.95.102
1992-09-24 06:52:12.815120,Jimmy Jackson,52128,Harrisfort,+1-229-575-2735x98858,william92@example.net,179.208.136.250
2019-12-28 23:58:04.986222,Patrick Sanchez,89501,Brandtview,(921)990-0968,nicolemiller@example.org,218.128.14.6
1978-11-08 23:13:53.812681,Jerry Joseph,83682,Ninaburgh,001-860-689-3520,johnathan04@example.net,21.170.146.87
2022-08-23 17:54:04.226261,Valerie Parker,51393,Haleyside,602-859-7551x34952,jessicawilliams@example.net,5.149.143.198
1998-12-14 00:53:41.834163,Corey Flores,34553,Armstrongtown,(808)804-6944x00979,cooperrobert@example.org,204.161.63.89
1989-06-21 12:25:15.615845,Valerie Gutierrez,22019,Port Megan,(736)856-0034x9015,salazarmiranda@example.net,204.95.60.218
2012-01-08 00:22:33.255466,Brandon Proctor,75566,Lyonsstad,210.825.0620x46116,brownjoshua@example.com,166.7.3.60
2003-02-25 19:09:57.898649,Dr. Tony Graham,06519,Port Carrieside,342-564-8545x08802,njohnson@example.org,1.200.12.146
1999-01-21 23:22:34.808245,Alexander Jenkins,31599,Nicholasfort,+1-427-653-0071x6489,cruzlisa@example.net,101.133.101.104
1991-12-18 11:41:19.650968,Sandra Howell,14355,New Aaronchester,001-520-752-0483x2928,cwalker@example.com,38.168.66.51
2016-01-25 02:52:35.828423,Daniel Bass,42617,Charlesshire,555.412.9012,nathaniel10@example.org,166.224.119.95
1970-09-02 01:07:34.588761,Casey Wilson,16298,Mitchellborough,732-308-4908,shelly11@example.com,172.147.110.39
1990-09-09 07:41:14.325563,Jordan Sullivan,05397,North Susanfort,864.996.5568,ishields@example.com,162.99.232.128
1987-02-19 18:37:36.997656,Allison Melendez,80361,Kruegerstad,(668)396-6615,sanchezrobert@example.net,18.247.96.6
2004-05-08 18:12:59.403078,Jeffery Allison,97618,Emilyfort,+1-619-325-6654x3234,yangwilliam@example.net,157.86.189.125
1984-07-18 23:59:18.184242,Michael Bennett,25450,Rodriguezburgh,521.646.2375x37921,jmartinez@example.com,56.78.132.240
2002-10-24 10:58:09.632275,Robert Johnson,25667,New Julie,001-245-247-7647x943,whiterachael@example.com,188.123.190.68
1990-04-26 00:01:22.375651,Christy Collier,23846,Stephenville,729.500.0408,courtneydixon@example.org,34.41.142.129
2009-02-27 17:57:46.971887,Jessica Ross PhD,87003,Costashire,3102556817,kathy80@example.org,176.233.8.70
2002-04-28 06:52:19.152122,Danielle Blankenship,71213,Lake Larry,556-917-7664,jacquelinemiranda@example.com,220.47.217.48
1971-10-31 22:45:08.820629,Elizabeth Delgado,55086,Barnesmouth,001-304-447-3149x9246,kristy84@example.org,119.134.0.245
1979-06-24 18:45:06.948509,Heather Hall,89109,West Carloshaven,(264)627-7087x66812,josewalsh@example.org,32.216.59.77
1972-02-12 03:23:02.516289,Jennifer Brown,10441,New Jillhaven,214.651.9501x75416,cynthia70@example.com,213.131.35.50
1972-01-09 03:04:16.672104,Loretta Farley,70987,Emilyport,+1-451-775-6309x57722,joycerivera@example.org,47.126.161.240
2014-03-03 13:23:36.110989,James Delgado,01005,North Steve,001-304-479-6187x78597,daviskatelyn@example.net,52.33.1.66
2015-05-01 14:09:49.691562,Emily Jones,83254,Port Timothy,213-585-2547x6080,janice12@example.org,144.143.135.183
1979-01-18 07:09:49.686288,Lisa Silva,34173,Garciamouth,(723)243-0312,hancockwayne@example.com,81.231.86.252
1984-05-18 06:20:57.240897,Jennifer Hawkins,61954,Jessicaside,+1-248-579-6103,adrian63@example.org,169.28.21.110
