SessionID,User,StartTime,EndTime,Reason
TQyHg9ef2Z21GmBb,elizabeth23@bootcamp.com,2021-04-13 05:01:50,2021-04-13 05:41:42,LOGOUT
xGOfZnNu3xEDBFbh,bjordan@bootcamp.com,2021-04-13 05:04:34,2021-04-13 07:07:12,TIMEOUT
vFhveCrhhxyKrY4M,andersonrachel@bootcamp.com,2021-04-13 05:13:50,2021-04-13 08:58:14,TIMEOUT
Zdbz2ue56ArBeNIW,castillopamela@bootcamp.com,2021-04-13 05:15:10,2021-04-13 05:54:27,LOGOUT
GjpqMyaKJkGSTbZE,montoyajoshua@bootcamp.com,2021-04-13 05:15:53,2021-04-13 07:08:30,TIMEOUT
e1mTO3ueVXTKLTYt,gary20@bootcamp.com,2021-04-13 05:16:47,2021-04-13 05:19:17,TIMEOUT
7wpMjjDjZLjvstU9,cheryl89@bootcamp.com,2021-04-13 05:20:08,2021-04-13 05:27:39,LOGOUT
rhpoqu6lojMSuNW8,johnsondaniel@bootcamp.com,2021-04-13 05:29:56,2021-04-13 07:06:16,LOGOUT
dnsBPLTG8o25rDQB,johnjackson@bootcamp.com,2021-04-13 05:33:18,2021-04-13 06:51:31,LOGOUT
3rcYzjeo3CMRj8f7,donaldsonstacy@bootcamp.com,2021-04-13 05:34:53,2021-04-13 06:17:25,TIMEOUT
WyvVX9bOQ1lcHLVE,jonathansmith@bootcamp.com,2021-04-13 05:36:51,2021-04-13 06:20:27,LOGOUT
ijlrkGojqrCxM7OS,peterharper@bootcamp.com,2021-04-13 05:37:16,2021-04-13 11:40:10,TIMEOUT
KqWazPUQvnsCPmcS,jorge78@bootcamp.com,2021-04-13 05:37:24,2021-04-13 06:47:40,LOGOUT
5gGxA3wNY6b3dpwU,melissagill@bootcamp.com,2021-04-13 05:41:52,2021-04-13 06:04:23,TIMEOUT
QsfMA8VPZUK39mr3,perrykelsey@bootcamp.com,2021-04-13 05:47:00,2021-04-13 06:19:32,TIMEOUT
2362w6i9H6nXCPYO,jessica44@bootcamp.com,2021-04-13 05:56:32,2021-04-13 06:39:04,TIMEOUT
JPFfKIKLEWeGz54h,ericcolon@bootcamp.com,2021-04-13 05:59:48,2021-04-13 06:30:56,LOGOUT
D1WcvBv33mL4Wjyx,david90@bootcamp.com,2021-04-13 06:02:25,2021-04-13 07:30:00,TIMEOUT
rZGtHAo6N7J1hM9h,david90@bootcamp.com,2021-04-13 06:03:48,2021-04-13 09:56:33,TIMEOUT
6Sz4BkNy9LYBCBsK,danielsjohn@bootcamp.com,2021-04-13 06:08:17,2021-04-13 12:19:11,TIMEOUT
tc8cNQQEnLgK0FRp,edwardgomez@bootcamp.com,2021-04-13 06:08:19,2021-04-13 06:10:49,TIMEOUT
0792uL4CtvTAnFVA,clairecordova@bootcamp.com,2021-04-13 06:09:53,2021-04-13 08:02:30,TIMEOUT
t7MNvjRZDBqMfRlH,bjordan@bootcamp.com,2021-04-13 06:12:43,2021-04-13 06:57:35,LOGOUT
jVqZCZUF3vB5Tu7j,russell55@bootcamp.com,2021-04-13 06:14:31,2021-04-13 08:27:09,TIMEOUT
d3jPqaTyOWPVLoRA,gonzalezjerry@bootcamp.com,2021-04-13 06:15:40,2021-04-13 06:48:12,TIMEOUT
6he5CZNYRk1eW6IF,justin05@bootcamp.com,2021-04-13 06:15:51,2021-04-13 06:23:21,TIMEOUT
6Uu8p1wlHtUGpppv,daniel98@bootcamp.com,2021-04-13 06:18:45,2021-04-13 08:06:22,TIMEOUT
nGyrsMcBqCr455Ya,ryangomez@bootcamp.com,2021-04-13 06:21:32,2021-04-13 07:39:07,TIMEOUT
4pd1imvOPBvWpjwx,johnsondaniel@bootcamp.com,2021-04-13 06:24:27,2021-04-13 06:46:58,TIMEOUT
TyjECPmQNTCRPtI8,villanuevadavid@bootcamp.com,2021-04-13 06:27:42,2021-04-13 06:30:12,TIMEOUT
Nx6NV4rjp5itZ7VW,cookeeric@bootcamp.com,2021-04-13 06:29:01,2021-04-13 06:31:31,TIMEOUT
VrKLDTtoKj3zbJNR,christinagray@bootcamp.com,2021-04-13 06:34:13,2021-04-13 06:56:44,TIMEOUT
Vc9dXj7QT0fpphnY,matthew04@bootcamp.com,2021-04-13 06:34:18,2021-04-13 07:11:50,TIMEOUT
tBJ6KRjgx3EQeyHb,bjordan@bootcamp.com,2021-04-13 06:34:50,2021-04-13 09:57:44,TIMEOUT
vS9SvVUa2pGUuYkf,montoyajoshua@bootcamp.com,2021-04-13 06:35:13,2021-04-13 06:42:43,TIMEOUT
DUGeJPfLmMqMB3QV,andersonrachel@bootcamp.com,2021-04-13 06:36:21,2021-04-13 10:00:29,LOGOUT
kOGLFq0c33b8g1ui,pamelaschultz@bootcamp.com,2021-04-13 06:36:26,2021-04-13 07:31:19,LOGOUT
smz84R9EqqmllRbx,castillopamela@bootcamp.com,2021-04-13 06:38:10,2021-04-13 08:15:46,TIMEOUT
BbGsnJZE83AcTQlw,ritalynch@bootcamp.com,2021-04-13 06:41:00,2021-04-13 07:23:32,TIMEOUT
p1xzbYqPIfQJNqZB,martinezmaria@bootcamp.com,2021-04-13 06:45:01,2021-04-13 07:42:34,TIMEOUT
OVMDFc9LWMIi1dp2,yrodriguez@bootcamp.com,2021-04-13 06:45:52,2021-04-13 08:41:40,LOGOUT
83gWYWn5sMf1qOwN,jmaxwell@bootcamp.com,2021-04-13 06:46:08,2021-04-13 07:06:44,LOGOUT
8BfAvG6rStn08Ul2,daniel32@bootcamp.com,2021-04-13 06:49:07,2021-04-13 07:41:40,TIMEOUT
dxcXH8ESLXbBF0qd,morgan54@bootcamp.com,2021-04-13 06:50:07,2021-04-13 08:37:44,TIMEOUT
liiMOLQqX6yqH7Yt,christopherthomas@bootcamp.com,2021-04-13 06:55:16,2021-04-13 07:22:47,TIMEOUT
Q54hn6tubtJuKqxq,shawngibson@bootcamp.com,2021-04-13 06:55:55,2021-04-13 08:44:52,LOGOUT
a1K0GmVuObooesaE,brandon33@bootcamp.com,2021-04-13 06:56:44,2021-04-13 07:09:14,TIMEOUT
vdTGcLAQCvrDZAOh,richmondbrittany@bootcamp.com,2021-04-13 06:59:18,2021-04-13 07:12:16,LOGOUT
CukSCqL59wkKm0Tw,noahwerner@bootcamp.com,2021-04-13 07:01:34,2021-04-13 07:39:06,TIMEOUT
F2yclXxwfDf80uEE,william61@bootcamp.com,2021-04-13 07:01:35,2021-04-13 12:44:34,LOGOUT
hhJ8kRbjXa9gnZZy,pamelaschultz@bootcamp.com,2021-04-13 07:02:06,2021-04-13 07:09:42,LOGOUT
C7vxbuDnV5ASFeuC,bmarshall@bootcamp.com,2021-04-13 07:02:10,2021-04-13 07:59:43,TIMEOUT
B44hRnbD6cwIHEbN,phyllis23@bootcamp.com,2021-04-13 07:02:58,2021-04-13 07:52:09,LOGOUT
3KyZbyz3OxZta8JL,stephenhowe@bootcamp.com,2021-04-13 07:03:07,2021-04-13 08:37:04,TIMEOUT
6636ZQmAlCxkWjY4,steven66@bootcamp.com,2021-04-13 07:03:18,2021-04-13 07:13:16,LOGOUT
6zM0B2M1rglPoVVC,thomaskelly@bootcamp.com,2021-04-13 07:04:06,2021-04-13 09:01:43,TIMEOUT
oFH8LubycK2g4MXg,william61@bootcamp.com,2021-04-13 07:05:34,2021-04-13 07:36:50,LOGOUT
KaG9X7NRVoVo49Bj,cpatterson@bootcamp.com,2021-04-13 07:05:57,2021-04-13 07:43:29,TIMEOUT
OiaVboi4URPQtixG,brandon33@bootcamp.com,2021-04-13 07:06:04,2021-04-13 07:48:36,TIMEOUT
SsyNspZA6SwZD9nE,andersonrachel@bootcamp.com,2021-04-13 07:09:11,2021-04-13 07:31:42,TIMEOUT
MoX47SQpAvbAyFzr,karenvalencia@bootcamp.com,2021-04-13 07:09:33,2021-04-13 07:28:31,LOGOUT
iZf6FXjyMd8oeSl7,cookeeric@bootcamp.com,2021-04-13 07:10:02,2021-04-13 07:42:34,TIMEOUT
VsdYsiWN5Wt0StcE,clairecordova@bootcamp.com,2021-04-13 07:10:29,2021-04-13 07:28:00,TIMEOUT
YiaKpyrxdS9qpRIg,brian18@bootcamp.com,2021-04-13 07:11:43,2021-04-13 07:19:13,TIMEOUT
1KAmRUb9xsGilvv7,dmiller@bootcamp.com,2021-04-13 07:11:57,2021-04-13 08:24:31,TIMEOUT
KKhdGgUQBYB1pV5Q,thomaskelly@bootcamp.com,2021-04-13 07:12:21,2021-04-13 10:20:03,TIMEOUT
QcOIw0DkN8G8vps0,perkinsluis@bootcamp.com,2021-04-13 07:12:45,2021-04-13 07:33:55,LOGOUT
IGFfX5ZEaACMSHZP,wgaines@bootcamp.com,2021-04-13 07:13:49,2021-04-13 07:36:20,TIMEOUT
uVgF418q7L9vhmgr,cbrown@bootcamp.com,2021-04-13 07:14:39,2021-04-13 07:52:11,TIMEOUT
MpAu6WsjscQb3j1n,johnjackson@bootcamp.com,2021-04-13 07:15:09,2021-04-13 07:22:39,TIMEOUT
wcYisPh6GQYMVKON,xfarmer@bootcamp.com,2021-04-13 07:16:20,2021-04-13 07:48:52,TIMEOUT
ywSFBo50armQgCqQ,owenrobyn@bootcamp.com,2021-04-13 07:16:43,2021-04-13 09:30:49,TIMEOUT
eXkhXlqJF6FlsRnh,mark70@bootcamp.com,2021-04-13 07:17:05,2021-04-13 12:43:21,LOGOUT
DWvUIsEeJ38Tx8Tt,jasonwilliams@bootcamp.com,2021-04-13 07:18:59,2021-04-13 07:24:00,LOGOUT
sieiW1Y7fO2PQ7U1,bbrooks@bootcamp.com,2021-04-13 07:21:55,2021-04-13 08:29:29,TIMEOUT
kn6Uhj4YDTIyrk0g,yrodriguez@bootcamp.com,2021-04-13 07:22:49,2021-04-13 08:23:45,LOGOUT
c1rbGMG6gKe2nKAp,russell55@bootcamp.com,2021-04-13 07:27:42,2021-04-13 11:14:01,LOGOUT
GjGMJOpjN6cZAvt7,wrightdwayne@bootcamp.com,2021-04-13 07:29:32,2021-04-13 08:17:05,TIMEOUT
T6PEI1I5PLsuQLQc,chris85@bootcamp.com,2021-04-13 07:29:46,2021-04-13 07:35:18,LOGOUT
Avka0vOttY51nyMB,fernandezkaren@bootcamp.com,2021-04-13 07:30:08,2021-04-13 11:37:54,TIMEOUT
GGgosw13NL71MLjm,laurakey@bootcamp.com,2021-04-13 07:35:16,2021-04-13 10:02:55,TIMEOUT
c6kXJNeCl1MzlBes,ashleymiller@bootcamp.com,2021-04-13 07:35:50,2021-04-13 08:23:23,TIMEOUT
B4ynMeLwJbkExoeP,owenrobyn@bootcamp.com,2021-04-13 07:35:54,2021-04-13 07:47:18,LOGOUT
1kq27YZQa1rpO2tt,joshuamckinney@bootcamp.com,2021-04-13 07:37:52,2021-04-13 11:50:43,TIMEOUT
IkEHwAMZIBcEi1st,phyllis23@bootcamp.com,2021-04-13 07:38:03,2021-04-13 09:57:12,TIMEOUT
0UdRykyERs3PuGeO,ashleymiller@bootcamp.com,2021-04-13 07:38:09,2021-04-13 07:40:39,TIMEOUT
mzSPggZiI945X1Ag,angelicawalker@bootcamp.com,2021-04-13 07:38:36,2021-04-13 08:17:04,LOGOUT
7tyrasfu17xmNHiO,johnjackson@bootcamp.com,2021-04-13 07:39:42,2021-04-13 08:01:39,LOGOUT
r4ukjyePQVibD0jV,mark70@bootcamp.com,2021-04-13 07:39:48,2021-04-13 08:02:19,TIMEOUT
swkMKc3t3n0vlEOn,joel69@bootcamp.com,2021-04-13 07:42:23,2021-04-13 09:09:58,TIMEOUT
0adUc7umsA4mHRRl,christinagray@bootcamp.com,2021-04-13 07:42:40,2021-04-13 08:10:11,TIMEOUT
eOSvSHliJiBZurTU,mannwilliam@bootcamp.com,2021-04-13 07:43:13,2021-04-13 08:30:46,TIMEOUT
NEzthuEPtmGiJvvM,christina36@bootcamp.com,2021-04-13 07:44:30,2021-04-13 12:37:50,LOGOUT
IgqwWzqWXcKupROM,rachel09@bootcamp.com,2021-04-13 07:45:08,2021-04-13 09:57:46,TIMEOUT
pW80gk92X3o0T825,morgan54@bootcamp.com,2021-04-13 07:45:30,2021-04-13 07:48:00,TIMEOUT
E9HsErS3y2tCXPBr,qcarpenter@bootcamp.com,2021-04-13 07:46:24,2021-04-13 08:18:56,TIMEOUT
XYKn7hfdih4xthBd,angelavaldez@bootcamp.com,2021-04-13 07:46:30,2021-04-13 08:44:03,TIMEOUT
SjZw8AYsTHBPiaJY,pmiller@bootcamp.com,2021-04-13 07:46:49,2021-04-13 09:01:47,LOGOUT
ejlm50tyQ1x463G7,daniel98@bootcamp.com,2021-04-13 07:47:29,2021-04-13 09:00:57,LOGOUT
Vnn51vfQrB7E5OwP,daniel32@bootcamp.com,2021-04-13 07:50:29,2021-04-13 09:24:11,LOGOUT
HqUOZpER7w7fp6HO,villanuevadavid@bootcamp.com,2021-04-13 07:50:53,2021-04-13 08:08:24,TIMEOUT
bKQsjj9Z6oaZg7sU,christinagray@bootcamp.com,2021-04-13 07:51:10,2021-04-13 08:58:44,TIMEOUT
iqaYikh067lWd4Qj,ryan58@bootcamp.com,2021-04-13 07:52:11,2021-04-13 07:59:41,TIMEOUT
sV3BypAKlWpfHRa0,gregorywalters@bootcamp.com,2021-04-13 07:52:38,2021-04-13 08:16:07,LOGOUT
FAcX2ZABgBavU2sS,jonathansmith@bootcamp.com,2021-04-13 07:52:40,2021-04-13 10:05:18,TIMEOUT
niN0Q4YTjMZtV8bT,fcampbell@bootcamp.com,2021-04-13 07:53:11,2021-04-13 08:05:41,TIMEOUT
xDcg5Zy8whaxvgQb,phyllis23@bootcamp.com,2021-04-13 07:54:35,2021-04-13 09:32:11,TIMEOUT
KjH8vjFFwkEaKxgB,mcfarlandjoshua@bootcamp.com,2021-04-13 07:54:38,2021-04-13 08:04:59,LOGOUT
XUTYMPdrUodt2z4j,hfisher@bootcamp.com,2021-04-13 07:54:57,2021-04-13 09:32:33,TIMEOUT
CIGDue3H63M4ADTI,kbartlett@bootcamp.com,2021-04-13 07:55:29,2021-04-13 08:38:01,TIMEOUT
868vvBEFVDVgFrZi,joel69@bootcamp.com,2021-04-13 07:57:18,2021-04-13 09:09:52,TIMEOUT
mGIwQEcb0WwRRCdz,christopherthomas@bootcamp.com,2021-04-13 07:57:31,2021-04-13 08:40:03,TIMEOUT
hahWJdZ5mxWSCutA,chris85@bootcamp.com,2021-04-13 07:57:37,2021-04-13 09:40:13,TIMEOUT
m5j9zNfk4iCjSvCJ,kevinandrade@bootcamp.com,2021-04-13 07:58:06,2021-04-13 08:50:39,TIMEOUT
tcAUPpGNcoonbg46,jonathansmith@bootcamp.com,2021-04-13 07:58:35,2021-04-13 08:36:07,TIMEOUT
KgTaEdFJCwcSA2RZ,hessdonald@bootcamp.com,2021-04-13 07:58:50,2021-04-13 08:51:23,TIMEOUT
ZyRGjRX33mh6m9ml,nathan77@bootcamp.com,2021-04-13 07:59:28,2021-04-13 08:56:25,LOGOUT
OxIRWtVbe91NSDZE,cheryl89@bootcamp.com,2021-04-13 08:01:44,2021-04-13 10:55:59,TIMEOUT
OTa3B7POmizVmlu4,shawngibson@bootcamp.com,2021-04-13 08:02:13,2021-04-13 08:54:46,TIMEOUT
X13BHvIm2UsGfk8N,christine42@bootcamp.com,2021-04-13 08:03:51,2021-04-13 08:36:23,TIMEOUT
PQedBcmbOI3nEbJ1,yrodriguez@bootcamp.com,2021-04-13 08:04:02,2021-04-13 08:11:32,TIMEOUT
F5jJwt1USAgW8njt,mcfarlandjoshua@bootcamp.com,2021-04-13 08:04:28,2021-04-13 10:02:05,TIMEOUT
igyXTIiC4MG9w94d,gonzalezjerry@bootcamp.com,2021-04-13 08:05:33,2021-04-13 09:02:24,LOGOUT
0Z41iB3dDIFDQLwE,gpalmer@bootcamp.com,2021-04-13 08:05:41,2021-04-13 10:55:36,LOGOUT
aXMiauh96YwQgb3o,jacksonchad@bootcamp.com,2021-04-13 08:06:21,2021-04-13 11:14:03,TIMEOUT
XyV0laWo0xuAaXCE,jonathansmith@bootcamp.com,2021-04-13 08:06:44,2021-04-13 10:54:25,TIMEOUT
maWC2xmlM78DqE9A,cheryl89@bootcamp.com,2021-04-13 08:07:20,2021-04-13 11:30:03,TIMEOUT
oz6jT00HlG19XglY,robertphillips@bootcamp.com,2021-04-13 08:08:16,2021-04-13 09:25:51,TIMEOUT
8BKN9swvMT1N7j9B,jacksonchad@bootcamp.com,2021-04-13 08:08:38,2021-04-13 11:06:19,TIMEOUT
ZEY9frWghHMnzZ6x,kimberlywalker@bootcamp.com,2021-04-13 08:09:13,2021-04-13 08:11:43,TIMEOUT
jsbca9BUdS0q7GE3,jenniferwhite@bootcamp.com,2021-04-13 08:09:25,2021-04-13 09:31:56,LOGOUT
FptS5aqAZoVUd2CB,william61@bootcamp.com,2021-04-13 08:09:53,2021-04-13 11:06:59,LOGOUT
S1vXLYzbIhtdqKaY,angelavaldez@bootcamp.com,2021-04-13 08:09:59,2021-04-13 09:02:32,TIMEOUT
D3T3N9lZHHq7zFGb,hernandezfrank@bootcamp.com,2021-04-13 08:10:39,2021-04-13 08:28:10,TIMEOUT
hqNjekoE8EGrzR6O,bmorgan@bootcamp.com,2021-04-13 08:11:13,2021-04-13 11:08:54,TIMEOUT
Z4oiLdWUpIkglDBf,danielsjohn@bootcamp.com,2021-04-13 08:12:48,2021-04-13 10:05:25,TIMEOUT
cyagTMorRQjAIc84,mary29@bootcamp.com,2021-04-13 08:12:50,2021-04-13 08:33:01,LOGOUT
LQOkn8uKPXVG16Di,dmiller@bootcamp.com,2021-04-13 08:12:53,2021-04-13 10:10:30,TIMEOUT
siAm4Gdsdpn3Yqen,cookeeric@bootcamp.com,2021-04-13 08:16:00,2021-04-13 09:21:18,LOGOUT
i9YYdg6dXof5FkTH,bmorgan@bootcamp.com,2021-04-13 08:18:08,2021-04-13 10:25:46,TIMEOUT
eizvDoRECLLyBZLY,karenvalencia@bootcamp.com,2021-04-13 08:19:48,2021-04-13 11:07:29,TIMEOUT
1GezUrmdYfH3s738,gary20@bootcamp.com,2021-04-13 08:20:15,2021-04-13 10:40:44,LOGOUT
vM4MdXGAZVCu4TZJ,jacksonchad@bootcamp.com,2021-04-13 08:20:16,2021-04-13 08:29:32,LOGOUT
qu0ptAxQ8tTeONLi,rwolf@bootcamp.com,2021-04-13 08:21:09,2021-04-13 09:53:45,TIMEOUT
iRFRJhunLZin5JEw,ortegaholly@bootcamp.com,2021-04-13 08:21:39,2021-04-13 08:24:09,TIMEOUT
uUOepTqninrmGEOq,ortegaholly@bootcamp.com,2021-04-13 08:21:48,2021-04-13 14:24:42,TIMEOUT
eUN8tTRTzSME8IVK,cpatterson@bootcamp.com,2021-04-13 08:21:52,2021-04-13 08:47:11,LOGOUT
mzzjLO4rMSL3MKjU,bmarshall@bootcamp.com,2021-04-13 08:22:17,2021-04-13 09:39:52,TIMEOUT
Q4DGH4lmlz2Z4D9K,kinghenry@bootcamp.com,2021-04-13 08:22:46,2021-04-13 10:15:23,TIMEOUT
6h8D7whF6uyuehmS,cbrown@bootcamp.com,2021-04-13 08:22:57,2021-04-13 08:40:28,TIMEOUT
Yxa1fJZV26HcXWoI,joel69@bootcamp.com,2021-04-13 08:23:53,2021-04-13 09:16:26,TIMEOUT
4tEuf8LE7wnclxc6,isaacmoreno@bootcamp.com,2021-04-13 08:24:06,2021-04-13 10:51:45,TIMEOUT
qpZQGuCJV98NpmNH,joannastafford@bootcamp.com,2021-04-13 08:25:58,2021-04-13 09:08:30,TIMEOUT
rxbAlQdIgW9ISjxW,lisa74@bootcamp.com,2021-04-13 08:27:29,2021-04-13 09:48:08,LOGOUT
w9ozIpn014S8UQCo,rojasronald@bootcamp.com,2021-04-13 08:30:26,2021-04-13 08:56:24,LOGOUT
QQK4b4MpHTFZ8Q85,hmckay@bootcamp.com,2021-04-13 08:31:18,2021-04-13 08:48:49,TIMEOUT
meQKzWe4I6PgJTIK,joannastafford@bootcamp.com,2021-04-13 08:32:26,2021-04-13 09:40:00,TIMEOUT
M0aIz4yZOXidsHjj,uhill@bootcamp.com,2021-04-13 08:32:46,2021-04-13 09:45:20,TIMEOUT
po6XJJvJ0VcEpLBe,castillopamela@bootcamp.com,2021-04-13 08:33:24,2021-04-13 11:54:07,LOGOUT
3DnudBt7PRQZdWqz,cheryl89@bootcamp.com,2021-04-13 08:33:29,2021-04-13 08:39:58,LOGOUT
Dv0VQ1maqGuaFeHB,william61@bootcamp.com,2021-04-13 08:34:40,2021-04-13 11:22:21,TIMEOUT
TJvYRlbJCZeEBcaT,lhatfield@bootcamp.com,2021-04-13 08:36:04,2021-04-13 08:53:35,TIMEOUT
CFZjHEmC9NUkErIG,justin05@bootcamp.com,2021-04-13 08:37:12,2021-04-13 08:54:43,TIMEOUT
TapFPZuz2F8H8XTh,johnsonchristopher@bootcamp.com,2021-04-13 08:38:23,2021-04-13 12:47:28,LOGOUT
hauQbScqA7MEqCAy,castillopamela@bootcamp.com,2021-04-13 08:38:40,2021-04-13 09:21:12,TIMEOUT
Q6Zgi5q7hn5lzqXC,clairecordova@bootcamp.com,2021-04-13 08:39:07,2021-04-13 09:22:26,LOGOUT
UlKKBel64hN3jCEV,fmcfarland@bootcamp.com,2021-04-13 08:40:48,2021-04-13 08:43:18,TIMEOUT
NUn8NjyUKlmRtnL1,cbrown@bootcamp.com,2021-04-13 08:41:01,2021-04-13 11:38:42,TIMEOUT
PQfEiDURsqEPe4rq,yrodriguez@bootcamp.com,2021-04-13 08:41:46,2021-04-13 09:14:18,TIMEOUT
NWKuw6iDyIn5qax1,tscott@bootcamp.com,2021-04-13 08:41:50,2021-04-13 09:24:22,TIMEOUT
trXSwEJWq44HxA6w,dmiller@bootcamp.com,2021-04-13 08:42:54,2021-04-13 09:10:25,TIMEOUT
pPOfeqAlo8si9P4T,johnsonchristopher@bootcamp.com,2021-04-13 08:43:10,2021-04-13 10:20:46,TIMEOUT
cIqpM0ttvI4ZIEK7,xcrawford@bootcamp.com,2021-04-13 08:44:02,2021-04-13 09:26:35,LOGOUT
uuFad6yFs2hIdlld,peterharper@bootcamp.com,2021-04-13 08:44:17,2021-04-13 10:11:52,TIMEOUT
sa9QsIIH7TfujcPe,gary20@bootcamp.com,2021-04-13 08:44:53,2021-04-13 09:27:25,TIMEOUT
Xz9NbOsT8OQPETZ8,nathan77@bootcamp.com,2021-04-13 08:45:27,2021-04-13 11:38:08,LOGOUT
77pJj5xtSlMN6hD3,alexanderterri@bootcamp.com,2021-04-13 08:45:38,2021-04-13 08:56:06,LOGOUT
rDyorqo0ab5cNwFs,ashleymiller@bootcamp.com,2021-04-13 08:46:16,2021-04-13 09:43:35,LOGOUT
qGIxpDYPE3lHBW4h,randerson@bootcamp.com,2021-04-13 08:46:41,2021-04-13 12:06:43,LOGOUT
nY8stdVkJHblmMaF,peterharper@bootcamp.com,2021-04-13 08:47:44,2021-04-13 08:50:14,TIMEOUT
LDRvx0BOuWct2CRa,jenniferwhite@bootcamp.com,2021-04-13 08:51:13,2021-04-13 11:50:06,LOGOUT
S3UcYF523Pg1Hbey,mannwilliam@bootcamp.com,2021-04-13 08:51:22,2021-04-13 08:53:52,TIMEOUT
CqIDKXfexYDsPqoh,danielsjohn@bootcamp.com,2021-04-13 08:52:32,2021-04-13 10:25:08,TIMEOUT
PRHE6xraJNOYu4he,wrightdwayne@bootcamp.com,2021-04-13 08:53:48,2021-04-13 13:36:37,TIMEOUT
B9SsvRNej9RYR0Wx,bmarshall@bootcamp.com,2021-04-13 08:54:29,2021-04-13 10:30:01,LOGOUT
Cz76i4MwEzEEixzU,hmckay@bootcamp.com,2021-04-13 08:54:46,2021-04-13 12:27:30,TIMEOUT
K9lU0EmqRoQmKV1p,cookeeric@bootcamp.com,2021-04-13 08:55:33,2021-04-13 09:08:03,TIMEOUT
P6d1ztzgA9Zwl0BU,fmcfarland@bootcamp.com,2021-04-13 08:55:58,2021-04-13 09:38:37,LOGOUT
D7rHNtjhW9W6Hlpt,bhill@bootcamp.com,2021-04-13 08:56:40,2021-04-13 11:29:20,TIMEOUT
aQ3eXZT9s99htayZ,jaredwright@bootcamp.com,2021-04-13 08:56:48,2021-04-13 11:53:48,LOGOUT
t18RVR7mrZrrfqUA,kbartlett@bootcamp.com,2021-04-13 08:57:36,2021-04-13 10:58:19,TIMEOUT
sgPmr4qlOJzkaJR2,xjohnson@bootcamp.com,2021-04-13 08:59:18,2021-04-13 09:07:16,LOGOUT
MOiyzJ5qq1rkwKcO,stephenhowe@bootcamp.com,2021-04-13 08:59:31,2021-04-13 10:08:51,LOGOUT
9cuJorX2wQeP6IRC,fcampbell@bootcamp.com,2021-04-13 09:00:00,2021-04-13 09:32:32,TIMEOUT
IMyVCOkdn4i3mOFm,xfarmer@bootcamp.com,2021-04-13 09:01:41,2021-04-13 10:13:50,TIMEOUT
knTBAtM6B8QMLqLQ,cynthialozano@bootcamp.com,2021-04-13 09:02:22,2021-04-13 09:09:52,TIMEOUT
71Jc9LqyMsduQlG8,staceywilliams@bootcamp.com,2021-04-13 09:02:43,2021-04-13 09:43:33,LOGOUT
ZpVczAm8Ei7EVqYn,mannwilliam@bootcamp.com,2021-04-13 09:03:04,2021-04-13 10:30:20,LOGOUT
Rz2sYQl0HlLHRiuK,ojones@bootcamp.com,2021-04-13 09:03:05,2021-04-13 09:45:37,TIMEOUT
5voERZ4CZnanFSk8,jeremy06@bootcamp.com,2021-04-13 09:04:17,2021-04-13 10:30:05,LOGOUT
YjOKyXyX6oDFF0nI,yrodriguez@bootcamp.com,2021-04-13 09:04:40,2021-04-13 11:15:36,LOGOUT
yTunkMteNJXgs5bl,qcarpenter@bootcamp.com,2021-04-13 09:05:20,2021-04-13 10:33:59,TIMEOUT
AUYKQoXOERKdqUsG,pmiller@bootcamp.com,2021-04-13 09:06:21,2021-04-13 09:49:16,LOGOUT
z3wEvZzSWOteLAiB,david90@bootcamp.com,2021-04-13 09:06:43,2021-04-13 10:04:15,LOGOUT
RHven4ekJHptrGgj,plang@bootcamp.com,2021-04-13 09:09:22,2021-04-13 10:16:56,TIMEOUT
VSjUKfyG5hZp4SVg,steven66@bootcamp.com,2021-04-13 09:09:51,2021-04-13 10:12:25,TIMEOUT
h6h58EneBpXcsYSv,brandon33@bootcamp.com,2021-04-13 09:10:39,2021-04-13 10:03:12,TIMEOUT
y4sSBxuOHnVfxusC,randerson@bootcamp.com,2021-04-13 09:10:40,2021-04-13 09:48:12,TIMEOUT
qYpg7t1ZOnUZHwak,guzmanjennifer@bootcamp.com,2021-04-13 09:11:09,2021-04-13 09:31:44,LOGOUT
5HeCWrE9nqnGRXM5,russell55@bootcamp.com,2021-04-13 09:11:10,2021-04-13 09:23:40,TIMEOUT
PS1rwY8fxgfAeXeq,jeremy06@bootcamp.com,2021-04-13 09:11:24,2021-04-13 09:18:54,TIMEOUT
rSsXYKgSqfU8LLRQ,dmiller@bootcamp.com,2021-04-13 09:12:52,2021-04-13 09:55:24,TIMEOUT
KaLjXv35iC12dG4V,cbrown@bootcamp.com,2021-04-13 09:13:10,2021-04-13 10:25:44,TIMEOUT
V8Bza2urQIy0diDr,jessica44@bootcamp.com,2021-04-13 09:14:22,2021-04-13 12:04:53,LOGOUT
0RbnuU0Nkbn8Nd32,ryan58@bootcamp.com,2021-04-13 09:14:45,2021-04-13 09:57:17,TIMEOUT
6LhgQqrywNjds6vM,baldwinmichael@bootcamp.com,2021-04-13 09:15:06,2021-04-13 11:05:31,LOGOUT
X0II9SP7B4NMf1rM,rachel22@bootcamp.com,2021-04-13 09:16:50,2021-04-13 10:49:26,TIMEOUT
gKR0KwxLLpWZUpR3,rachel22@bootcamp.com,2021-04-13 09:17:22,2021-04-13 09:34:53,TIMEOUT
DOhfYH6KjzUMEhEp,plang@bootcamp.com,2021-04-13 09:19:10,2021-04-13 10:26:44,TIMEOUT
JvkZgElpv0KbVtqJ,joannastafford@bootcamp.com,2021-04-13 09:19:29,2021-04-13 09:26:59,TIMEOUT
DrQIGBnmCMsNqIPA,cheryl89@bootcamp.com,2021-04-13 09:19:38,2021-04-13 10:22:12,TIMEOUT
nbTBCOOfmvHjQVMK,brooksstephanie@bootcamp.com,2021-04-13 09:21:50,2021-04-13 09:55:50,LOGOUT
QShvAUgUw4b1bDmu,fmcfarland@bootcamp.com,2021-04-13 09:22:16,2021-04-13 11:19:53,TIMEOUT
M8GgrjENi5gOHm9h,jandrews@bootcamp.com,2021-04-13 09:22:51,2021-04-13 11:08:06,LOGOUT
SVIEdFLUj1oEUsJi,xcrawford@bootcamp.com,2021-04-13 09:23:58,2021-04-13 09:30:08,LOGOUT
uKrKlmsj1YWZqsvV,kinghenry@bootcamp.com,2021-04-13 09:25:06,2021-04-13 10:57:30,LOGOUT
WWxsJbjak6HhLe0M,kimberlywalker@bootcamp.com,2021-04-13 09:25:08,2021-04-13 10:38:29,LOGOUT
U0Cm6wZGPndm0J4w,montoyajoshua@bootcamp.com,2021-04-13 09:25:10,2021-04-13 12:47:08,LOGOUT
ewWGEkuvDESx0kF9,angelicawalker@bootcamp.com,2021-04-13 09:25:36,2021-04-13 09:58:08,TIMEOUT
wzRaAe90viUozaas,cbrown@bootcamp.com,2021-04-13 09:25:37,2021-04-13 11:19:05,LOGOUT
cTZSNI4iHoFJiALS,amy69@bootcamp.com,2021-04-13 09:25:48,2021-04-13 13:37:59,TIMEOUT
2MVpUgsCo1tZD3mx,phyllis23@bootcamp.com,2021-04-13 09:25:49,2021-04-13 09:31:30,LOGOUT
YhZpjOGJyMFG33q7,shannonwilliams@bootcamp.com,2021-04-13 09:28:07,2021-04-13 09:50:38,TIMEOUT
YUINr9wnwtFsGm3O,bmarshall@bootcamp.com,2021-04-13 09:29:23,2021-04-13 09:45:54,LOGOUT
gFVZXPz0GcwK1U3G,martinezmaria@bootcamp.com,2021-04-13 09:30:35,2021-04-13 09:43:05,TIMEOUT
eeiNaJbkau5VywYA,guzmanjennifer@bootcamp.com,2021-04-13 09:32:33,2021-04-13 09:50:04,TIMEOUT
FKBLkN5uEuhSwZo9,russell55@bootcamp.com,2021-04-13 09:34:04,2021-04-13 14:20:59,LOGOUT
D4PKJ3CDAK5pq9PA,rachel22@bootcamp.com,2021-04-13 09:34:26,2021-04-13 11:37:04,TIMEOUT
rUZ2bgiV7XhTF2U0,cynthialozano@bootcamp.com,2021-04-13 09:34:27,2021-04-13 09:36:57,TIMEOUT
NiP0tPd8ytmpGNzH,staceywilliams@bootcamp.com,2021-04-13 09:36:45,2021-04-13 11:04:20,TIMEOUT
x8OTgvewn7hAo7xd,jandrews@bootcamp.com,2021-04-13 09:36:52,2021-04-13 12:14:32,TIMEOUT
I8BmGVnwhKbk6mbU,edwardgarcia@bootcamp.com,2021-04-13 09:37:12,2021-04-13 10:55:03,LOGOUT
zXUbprqnSmlblhbr,cookeeric@bootcamp.com,2021-04-13 09:37:13,2021-04-13 09:49:43,TIMEOUT
LJU8VvZRkvP1xgtx,daniel98@bootcamp.com,2021-04-13 09:37:15,2021-04-13 09:39:45,TIMEOUT
F2WOqDIurZCCKSFG,kevinandrade@bootcamp.com,2021-04-13 09:38:46,2021-04-13 12:18:56,LOGOUT
cRZSNggxLHxyqJJk,isaacmoreno@bootcamp.com,2021-04-13 09:39:24,2021-04-13 10:07:48,LOGOUT
X0QQfPOVL7G1hWJo,hessdonald@bootcamp.com,2021-04-13 09:40:10,2021-04-13 11:16:06,LOGOUT
VLTjrAMsSjRhFLv5,bjordan@bootcamp.com,2021-04-13 09:40:14,2021-04-13 09:47:44,TIMEOUT
41OfmW3ZrxeUnA6R,stephenhowe@bootcamp.com,2021-04-13 09:41:28,2021-04-13 14:54:19,TIMEOUT
QQkdOBeDgIPPoWWm,gonzalezjerry@bootcamp.com,2021-04-13 09:42:38,2021-04-13 10:37:42,LOGOUT
6qZA3tQu2cgueIqL,stephenhowe@bootcamp.com,2021-04-13 09:43:37,2021-04-13 09:46:07,TIMEOUT
1HVckHy8zsogaAtX,johnsonchristopher@bootcamp.com,2021-04-13 09:43:44,2021-04-13 11:28:20,LOGOUT
QCIc7eE7VMVFgJVN,hernandezfrank@bootcamp.com,2021-04-13 09:43:54,2021-04-13 11:06:30,LOGOUT
rb7u4j2EyPWSI3Jq,matthew04@bootcamp.com,2021-04-13 09:45:19,2021-04-13 10:12:36,LOGOUT
L6V0pH85EJpecIGu,shannonwilliams@bootcamp.com,2021-04-13 09:46:09,2021-04-13 12:23:49,TIMEOUT
5tvdOYXuX8kuGBJD,cookeeric@bootcamp.com,2021-04-13 09:46:49,2021-04-13 11:16:35,LOGOUT
LQMeYiVADcOo0Hhs,daniel98@bootcamp.com,2021-04-13 09:46:52,2021-04-13 11:34:29,TIMEOUT
dt40CtLl7VhRj89P,mcfarlandjoshua@bootcamp.com,2021-04-13 09:48:31,2021-04-13 10:18:54,LOGOUT
hmmUIv9mrhV0omc4,bmorgan@bootcamp.com,2021-04-13 09:49:50,2021-04-13 10:22:22,TIMEOUT
hVXK4kk3wIeChlnL,bhill@bootcamp.com,2021-04-13 09:49:53,2021-04-13 10:27:09,TIMEOUT
mU1VKqgwGXAuukFp,justin05@bootcamp.com,2021-04-13 09:50:07,2021-04-13 10:22:39,TIMEOUT
vUvoVe18JNXqxKHf,kbartlett@bootcamp.com,2021-04-13 09:50:55,2021-04-13 10:48:28,TIMEOUT
sphHrgyOg5yf6coW,ortegaholly@bootcamp.com,2021-04-13 09:51:27,2021-04-13 11:34:03,TIMEOUT
QIKbxCPkH9MaZJqJ,hmckay@bootcamp.com,2021-04-13 09:52:04,2021-04-13 12:19:43,TIMEOUT
yKQzR3QeDN5LWphX,yrodriguez@bootcamp.com,2021-04-13 09:52:04,2021-04-13 12:34:05,LOGOUT
wqcUXkxVUdaIfSpg,ftrevino@bootcamp.com,2021-04-13 09:52:06,2021-04-13 10:29:38,TIMEOUT
CaU9LBrAjCGiEP0X,johnjackson@bootcamp.com,2021-04-13 09:52:43,2021-04-13 10:13:53,LOGOUT
r4dLgkMio2IrGRl6,gpalmer@bootcamp.com,2021-04-13 09:55:03,2021-04-13 10:22:37,LOGOUT
ytfsfKoVjclqZAT4,ericcolon@bootcamp.com,2021-04-13 09:55:10,2021-04-13 10:27:42,TIMEOUT
KadcrICMlRAe9zpO,gregorywalters@bootcamp.com,2021-04-13 09:55:11,2021-04-13 10:24:14,LOGOUT
W3US8TR4upC0MhhX,bmarshall@bootcamp.com,2021-04-13 09:55:52,2021-04-13 09:58:22,TIMEOUT
WWw9fN04PjhDxiZv,hfisher@bootcamp.com,2021-04-13 09:56:14,2021-04-13 10:24:38,LOGOUT
FdnS03L5W3St83Zq,joannastafford@bootcamp.com,2021-04-13 09:56:24,2021-04-13 09:58:54,TIMEOUT
uhMGghPfqkLkFBiV,fmcfarland@bootcamp.com,2021-04-13 09:56:47,2021-04-13 10:44:20,TIMEOUT
bXZaCzM49kgvwGK6,ariaswilliam@bootcamp.com,2021-04-13 09:56:50,2021-04-13 11:49:27,TIMEOUT
fKkaMcH7o7M9wXFz,kimberly35@bootcamp.com,2021-04-13 09:58:29,2021-04-13 10:00:59,TIMEOUT
S6SbMgNILOwx6eQ8,bmorgan@bootcamp.com,2021-04-13 09:58:42,2021-04-13 10:11:12,TIMEOUT
GZJxgapiOzM9GbFm,hboyer@bootcamp.com,2021-04-13 09:58:58,2021-04-13 10:01:28,TIMEOUT
fCOpXJbFNX3w8EhT,shawngibson@bootcamp.com,2021-04-13 09:59:47,2021-04-13 10:42:19,TIMEOUT
kj1h1vbPjEQo1Xps,mcfarlandjoshua@bootcamp.com,2021-04-13 09:59:50,2021-04-13 11:02:24,TIMEOUT
bkamM8W8RVbiZJC4,johnjackson@bootcamp.com,2021-04-13 10:00:28,2021-04-13 12:43:08,TIMEOUT
pRZpVIFsY52KCGV3,jenniferwhite@bootcamp.com,2021-04-13 10:00:45,2021-04-13 10:03:15,TIMEOUT
tqcEDtB9oWiP2sDN,brian18@bootcamp.com,2021-04-13 10:02:03,2021-04-13 10:24:34,TIMEOUT
HyIypS3MsZ1AgyX7,plang@bootcamp.com,2021-04-13 10:02:16,2021-04-13 11:34:52,TIMEOUT
639viDqT7bLvuf7K,gpalmer@bootcamp.com,2021-04-13 10:02:29,2021-04-13 10:25:00,TIMEOUT
q83mnDAXTlkPeFk7,bmorgan@bootcamp.com,2021-04-13 10:02:29,2021-04-13 10:04:59,TIMEOUT
Rj7iUbUuyToptTr3,qcarpenter@bootcamp.com,2021-04-13 10:03:05,2021-04-13 12:12:08,LOGOUT
qkS4nKcTMVdTvzMP,jasonwilliams@bootcamp.com,2021-04-13 10:03:44,2021-04-13 11:23:57,LOGOUT
eA8VtoMofUfXyYRj,mark70@bootcamp.com,2021-04-13 10:04:23,2021-04-13 12:57:51,TIMEOUT
OcxuTBFjtQ6GW3rU,phyllis23@bootcamp.com,2021-04-13 10:04:32,2021-04-13 11:56:40,LOGOUT
KwKMiw1t7dcXBwKF,johnjackson@bootcamp.com,2021-04-13 10:05:14,2021-04-13 10:22:45,TIMEOUT
ZvoypEgT51DJ1nJQ,jessica44@bootcamp.com,2021-04-13 10:06:12,2021-04-13 11:05:31,LOGOUT
g4CqNuMmdKYqLybO,jasonwilliams@bootcamp.com,2021-04-13 10:06:47,2021-04-13 10:46:45,LOGOUT
6KzxWyCp9tfZCRZu,jonessamuel@bootcamp.com,2021-04-13 10:06:48,2021-04-13 10:39:20,TIMEOUT
1vlbN4Zr9kS9mvRy,qcarpenter@bootcamp.com,2021-04-13 10:07:01,2021-04-13 11:04:34,TIMEOUT
qdwpjsWlDIbMHrNq,yrodriguez@bootcamp.com,2021-04-13 10:09:15,2021-04-13 11:47:34,LOGOUT
fvOyE18GZaVaFLTP,kimberly35@bootcamp.com,2021-04-13 10:09:26,2021-04-13 10:11:56,TIMEOUT
PvAj5OcY9MVvApzi,laurakey@bootcamp.com,2021-04-13 10:12:08,2021-04-13 10:54:40,TIMEOUT
qlFjzlXJmJjjUUeZ,ryangomez@bootcamp.com,2021-04-13 10:12:52,2021-04-13 10:35:23,TIMEOUT
l2wQptu0kyEyFe7d,hfisher@bootcamp.com,2021-04-13 10:13:35,2021-04-13 12:01:48,LOGOUT
Q36eO5EkzSvsk0Zj,amy69@bootcamp.com,2021-04-13 10:14:43,2021-04-13 11:17:17,TIMEOUT
agpJQilUW1jtlQbk,christine42@bootcamp.com,2021-04-13 10:17:25,2021-04-13 11:15:45,LOGOUT
L7tUssDHdyMDCB8F,gregorywalters@bootcamp.com,2021-04-13 10:18:21,2021-04-13 10:35:52,TIMEOUT
UyGI3tyG1kcPgg0G,jonessamuel@bootcamp.com,2021-04-13 10:18:40,2021-04-13 10:51:12,TIMEOUT
jgUOnjyr6YrKqxCV,morgan54@bootcamp.com,2021-04-13 10:21:57,2021-04-13 10:29:27,TIMEOUT
XxfC8oIETRFeU5LP,pmiller@bootcamp.com,2021-04-13 10:22:12,2021-04-13 13:20:13,TIMEOUT
lCL6feHWQPOGH7dx,rojasronald@bootcamp.com,2021-04-13 10:23:26,2021-04-13 11:36:00,TIMEOUT
6Y6BrRMzBqSzRnha,kinghenry@bootcamp.com,2021-04-13 10:23:38,2021-04-13 14:48:29,TIMEOUT
iA0X8n3pwgwxih0f,wgaines@bootcamp.com,2021-04-13 10:24:25,2021-04-13 12:58:33,LOGOUT
332SSSBevI3ssuKX,melissagill@bootcamp.com,2021-04-13 10:24:44,2021-04-13 10:47:15,TIMEOUT
s5AgYxVjqnYWv1iz,castillopamela@bootcamp.com,2021-04-13 10:25:33,2021-04-13 11:33:07,TIMEOUT
O6aGXpELT5DTH0Rl,jacksonchad@bootcamp.com,2021-04-13 10:26:48,2021-04-13 10:44:19,TIMEOUT
ppdRtlJE891ezQjB,wgaines@bootcamp.com,2021-04-13 10:28:59,2021-04-13 11:56:34,TIMEOUT
ZI6f1VLzLTqL9lwW,jandrews@bootcamp.com,2021-04-13 10:29:53,2021-04-13 12:38:28,LOGOUT
qZ31sG5P6LgSwA1E,ariaswilliam@bootcamp.com,2021-04-13 10:30:14,2021-04-13 11:02:46,TIMEOUT
u9MizJzzm9sR95OC,perrykelsey@bootcamp.com,2021-04-13 10:30:28,2021-04-13 12:13:04,TIMEOUT
RZzaPARKfHhk9a3s,joannastafford@bootcamp.com,2021-04-13 10:30:36,2021-04-13 11:13:08,TIMEOUT
NMTxLSNj72OHvAh1,donaldsonstacy@bootcamp.com,2021-04-13 10:31:55,2021-04-13 11:44:29,TIMEOUT
5iq65JMWif7AbcRy,cookeeric@bootcamp.com,2021-04-13 10:31:59,2021-04-13 12:16:30,LOGOUT
g1Y8ypp84HlijKM8,joannastafford@bootcamp.com,2021-04-13 10:33:40,2021-04-13 10:36:10,TIMEOUT
o36dVmM3O8R57i9X,gary20@bootcamp.com,2021-04-13 10:34:34,2021-04-13 11:42:08,TIMEOUT
Vexb2GmFeiqWIm9J,joshuamckinney@bootcamp.com,2021-04-13 10:35:00,2021-04-13 12:10:56,LOGOUT
RcYfjaORbjOLgNyr,jessica44@bootcamp.com,2021-04-13 10:35:08,2021-04-13 12:41:20,LOGOUT
3WX8anlbsme1hIrl,laurakey@bootcamp.com,2021-04-13 10:35:31,2021-04-13 12:03:06,TIMEOUT
kA5mHZK6TB4dS58G,jacksonchad@bootcamp.com,2021-04-13 10:37:07,2021-04-13 10:44:37,TIMEOUT
ryY8ueeQ6yyp8Aei,kevinandrade@bootcamp.com,2021-04-13 10:37:46,2021-04-13 13:09:38,LOGOUT
W47LxMh1kFna89nJ,edwardgarcia@bootcamp.com,2021-04-13 10:38:37,2021-04-13 12:06:12,TIMEOUT
UGrw3f4xt2FNyAhl,rwolf@bootcamp.com,2021-04-13 10:38:47,2021-04-13 11:59:47,LOGOUT
rZZNCIOzshbYkWKB,steven66@bootcamp.com,2021-04-13 10:38:55,2021-04-13 14:11:39,TIMEOUT
kG4iPv9A6lIWjeev,hfisher@bootcamp.com,2021-04-13 10:40:27,2021-04-13 10:56:06,LOGOUT
Gm6vsdone71ntsLH,xfarmer@bootcamp.com,2021-04-13 10:40:31,2021-04-13 11:23:03,LOGOUT
AECQWxOxQj738w5x,staceywilliams@bootcamp.com,2021-04-13 10:40:53,2021-04-13 11:55:30,LOGOUT
cNFvmcPJn4yS7xVo,johnsoncole@bootcamp.com,2021-04-13 10:41:21,2021-04-13 10:43:51,TIMEOUT
s6IdcZW5OpslxfdF,amy69@bootcamp.com,2021-04-13 10:41:25,2021-04-13 13:24:32,LOGOUT
CHi5neXEq4AcDvHq,jenniferwhite@bootcamp.com,2021-04-13 10:44:00,2021-04-13 11:56:34,TIMEOUT
YWvXvKkbYYhN0Yox,wrightdwayne@bootcamp.com,2021-04-13 10:44:02,2021-04-13 12:21:38,TIMEOUT
cG4BpRCUXeAcUKvV,noahwerner@bootcamp.com,2021-04-13 10:44:16,2021-04-13 10:51:46,TIMEOUT
jHSg9QvjFYlOv1w4,thomaskelly@bootcamp.com,2021-04-13 10:46:03,2021-04-13 13:13:42,TIMEOUT
rcwkjmQxW1j4S6cL,alexanderterri@bootcamp.com,2021-04-13 10:46:16,2021-04-13 11:48:24,LOGOUT
rdMcqbMaMlZNRT1J,clairecordova@bootcamp.com,2021-04-13 10:46:33,2021-04-13 16:00:35,LOGOUT
au0fJlWR7xFvE4sF,jmaxwell@bootcamp.com,2021-04-13 10:47:09,2021-04-13 13:04:48,TIMEOUT
shvKwI3O3trbVKon,thomaskelly@bootcamp.com,2021-04-13 10:47:35,2021-04-13 11:19:33,LOGOUT
Fgm6iju5OTvEukam,cynthialozano@bootcamp.com,2021-04-13 10:47:38,2021-04-13 11:28:41,LOGOUT
mW9OSCPOWUhdukxP,jdaniel@bootcamp.com,2021-04-13 10:48:09,2021-04-13 10:57:40,LOGOUT
Tx7EhGNFrryuM1Y2,amy69@bootcamp.com,2021-04-13 10:49:03,2021-04-13 12:36:38,LOGOUT
X6Pe18QVlqnFhqHD,lhatfield@bootcamp.com,2021-04-13 10:49:03,2021-04-13 11:26:35,TIMEOUT
16Fv3VQiRVOFR825,david90@bootcamp.com,2021-04-13 10:49:11,2021-04-13 11:16:24,TIMEOUT
00lU7PbrvpWg453o,kinghenry@bootcamp.com,2021-04-13 10:50:02,2021-04-13 12:23:45,LOGOUT
0JgjyODJVlBPYGXj,joel69@bootcamp.com,2021-04-13 10:50:20,2021-04-13 11:07:51,TIMEOUT
sNoJpeEHTFrccLMa,cheryl89@bootcamp.com,2021-04-13 10:50:46,2021-04-13 11:48:19,TIMEOUT
KUBRReTGI7bsYRjB,daniel98@bootcamp.com,2021-04-13 10:52:57,2021-04-13 12:10:32,TIMEOUT
vbijrUCQhXdRiIX3,hmckay@bootcamp.com,2021-04-13 10:53:47,2021-04-13 11:08:23,LOGOUT
SPdvdAoVIN7NB0RS,mariarodriguez@bootcamp.com,2021-04-13 10:54:23,2021-04-13 11:21:54,TIMEOUT
Vsm9hnPM8K3nn86N,xcrawford@bootcamp.com,2021-04-13 10:55:34,2021-04-13 12:01:37,LOGOUT
AvlajrVvWaBIPP2C,edwardgarcia@bootcamp.com,2021-04-13 10:57:54,2021-04-13 13:11:06,LOGOUT
HcHE7e7xoktbZo49,jasonwilliams@bootcamp.com,2021-04-13 10:58:51,2021-04-13 11:56:24,TIMEOUT
kugHlOndWRqNvFUZ,katherinegray@bootcamp.com,2021-04-13 10:59:21,2021-04-13 13:06:59,TIMEOUT
iHYLo6zHeH47JxfD,mcfarlandjoshua@bootcamp.com,2021-04-13 10:59:32,2021-04-13 13:14:16,LOGOUT
YwUMPPDEWXyi5HT8,kimberlywalker@bootcamp.com,2021-04-13 11:00:39,2021-04-13 11:59:53,LOGOUT
nmSbm54oJlLRG85c,brendavalentine@bootcamp.com,2021-04-13 11:00:45,2021-04-13 12:58:22,TIMEOUT
R2DBrA2BrVPhvFrc,johnjackson@bootcamp.com,2021-04-13 11:00:46,2021-04-13 11:34:09,LOGOUT
3fFBjNPDuE1xIH4i,psummers@bootcamp.com,2021-04-13 11:02:31,2021-04-13 13:05:09,TIMEOUT
8FhtGe8rRBcMeI07,joel69@bootcamp.com,2021-04-13 11:03:13,2021-04-13 13:07:00,LOGOUT
zIJOLXUwJGyNK7fS,hmckay@bootcamp.com,2021-04-13 11:03:26,2021-04-13 14:33:05,TIMEOUT
v72wK5yNZ7GwaduY,william61@bootcamp.com,2021-04-13 11:05:05,2021-04-13 11:33:40,LOGOUT
treawiJ5BDbZxuN8,hessdonald@bootcamp.com,2021-04-13 11:06:03,2021-04-13 15:03:49,TIMEOUT
DHt6emIUrjprm43E,jorge78@bootcamp.com,2021-04-13 11:06:13,2021-04-13 11:38:45,TIMEOUT
Xe2xIngyoYyQHRcB,staceywilliams@bootcamp.com,2021-04-13 11:08:40,2021-04-13 11:51:12,TIMEOUT
q2oVoOg4qEuTSerb,montoyajoshua@bootcamp.com,2021-04-13 11:08:41,2021-04-13 12:20:01,LOGOUT
gMimpfIN8VHqjhii,cbrown@bootcamp.com,2021-04-13 11:09:11,2021-04-13 11:56:44,TIMEOUT
DiF7cDVfNajtT9l6,ericcolon@bootcamp.com,2021-04-13 11:09:14,2021-04-13 12:06:47,TIMEOUT
o4HLXVZCjPnXSARc,ariaswilliam@bootcamp.com,2021-04-13 11:10:18,2021-04-13 12:12:52,TIMEOUT
ZIgVb3tugSoEnv9K,mark70@bootcamp.com,2021-04-13 11:13:10,2021-04-13 12:50:46,TIMEOUT
hLDK5nWw7BgqX4Yp,jenniferwhite@bootcamp.com,2021-04-13 11:14:14,2021-04-13 14:12:32,LOGOUT
iXfyq5zxIL6ReZu5,jdaniel@bootcamp.com,2021-04-13 11:15:28,2021-04-13 12:08:01,TIMEOUT
EHaUs3qlSeaSGK43,andersonrachel@bootcamp.com,2021-04-13 11:16:16,2021-04-13 12:39:43,TIMEOUT
OVBC3pHplAg6dDYU,jaredwright@bootcamp.com,2021-04-13 11:16:43,2021-04-13 12:25:43,LOGOUT
P6tUwyHIWdDXLK2S,ericcolon@bootcamp.com,2021-04-13 11:17:31,2021-04-13 12:05:04,TIMEOUT
KlyQfk4X0ER6mSjS,jessica49@bootcamp.com,2021-04-13 11:17:56,2021-04-13 13:00:32,TIMEOUT
8rq8ksLx8nItWNzQ,garciakimberly@bootcamp.com,2021-04-13 11:18:51,2021-04-13 13:36:30,TIMEOUT
q0tDJy7dmiSOB4Nl,ryan58@bootcamp.com,2021-04-13 11:19:24,2021-04-13 12:15:40,LOGOUT
or7BnaPKmVRNrL9h,rwolf@bootcamp.com,2021-04-13 11:19:30,2021-04-13 14:15:40,LOGOUT
mbIrNdsKHUE0oLzw,daniel32@bootcamp.com,2021-04-13 11:20:45,2021-04-13 11:43:16,TIMEOUT
Rrf175uNYqpWyntv,joannastafford@bootcamp.com,2021-04-13 11:21:12,2021-04-13 12:13:45,TIMEOUT
hxOFk6kxlTQkRzWP,angelicawalker@bootcamp.com,2021-04-13 11:23:11,2021-04-13 13:25:49,TIMEOUT
RXeIBFwgd6tjbrSA,mariarodriguez@bootcamp.com,2021-04-13 11:24:12,2021-04-13 13:40:41,LOGOUT
Dop6mejlv4w2QXFN,chris85@bootcamp.com,2021-04-13 11:24:39,2021-04-13 11:37:09,TIMEOUT
bOm9okoXXASEvv2w,rickey61@bootcamp.com,2021-04-13 11:25:05,2021-04-13 12:17:38,TIMEOUT
CAXrytD3dxoEPZ8F,matthew04@bootcamp.com,2021-04-13 11:27:05,2021-04-13 13:59:45,TIMEOUT
N0BWQPDpgBkcPxAz,shawngibson@bootcamp.com,2021-04-13 11:27:43,2021-04-13 11:40:13,TIMEOUT
UyEalNXwgE0VFQfU,alexanderterri@bootcamp.com,2021-04-13 11:33:22,2021-04-13 13:25:59,TIMEOUT
5TJFqP5jjWqmZlZJ,pstanton@bootcamp.com,2021-04-13 11:34:31,2021-04-13 11:52:24,LOGOUT
yQgTsDuhsufSuazB,peterharper@bootcamp.com,2021-04-13 11:35:14,2021-04-13 11:42:44,TIMEOUT
JXLqkWpyeGdaQNxI,fmcfarland@bootcamp.com,2021-04-13 11:36:08,2021-04-13 15:53:21,LOGOUT
PmiGVUJDwtMhGIBE,coffeyrandy@bootcamp.com,2021-04-13 11:36:08,2021-04-13 14:03:47,TIMEOUT
ud2wn6LfeGAk9c0a,angelicawalker@bootcamp.com,2021-04-13 11:36:22,2021-04-13 15:44:08,TIMEOUT
cF6Wmoo5A18Ica9a,xjohnson@bootcamp.com,2021-04-13 11:36:54,2021-04-13 11:44:24,TIMEOUT
MXyjtKo35bB9XGHm,karenvalencia@bootcamp.com,2021-04-13 11:37:16,2021-04-13 12:07:25,LOGOUT
ovMJ1kpNuDCmOqXe,kimberly35@bootcamp.com,2021-04-13 11:38:02,2021-04-13 13:10:38,TIMEOUT
cBKbcnysLj7sRGNo,kristen40@bootcamp.com,2021-04-13 11:39:08,2021-04-13 14:03:16,LOGOUT
4TVCwffdBVfFdRT1,martinezmaria@bootcamp.com,2021-04-13 11:41:26,2021-04-13 11:48:56,TIMEOUT
VUMHeh9WpqIqBuax,amy69@bootcamp.com,2021-04-13 11:41:50,2021-04-13 19:59:57,TIMEOUT
H3ooIjtte8cKXrBs,jacksonchad@bootcamp.com,2021-04-13 11:41:59,2021-04-13 13:59:38,TIMEOUT
xOmTxIa7CIzzOoTx,coffeyrandy@bootcamp.com,2021-04-13 11:42:07,2021-04-13 14:43:44,TIMEOUT
xnEg2OMX7eidNzmR,edwardgomez@bootcamp.com,2021-04-13 11:43:12,2021-04-13 12:45:46,TIMEOUT
Xx4bPG9YzzAXdIMi,kevinandrade@bootcamp.com,2021-04-13 11:43:33,2021-04-13 12:23:35,LOGOUT
jsAdL9YOaXZdeNEJ,psummers@bootcamp.com,2021-04-13 11:44:08,2021-04-13 12:26:40,TIMEOUT
DIBebmhh7fAhfiU8,daniel32@bootcamp.com,2021-04-13 11:47:36,2021-04-13 15:05:03,TIMEOUT
pl6E5iTifJyVfqyE,jorge78@bootcamp.com,2021-04-13 11:49:35,2021-04-13 14:22:15,TIMEOUT
l17pGnhvTfv6lGVU,matthew04@bootcamp.com,2021-04-13 11:49:55,2021-04-13 14:27:35,TIMEOUT
BTdpKOXF3ZWB1L3e,xcrawford@bootcamp.com,2021-04-13 11:50:05,2021-04-13 12:49:23,LOGOUT
gyR84PKNn7kuzH36,sandra55@bootcamp.com,2021-04-13 11:50:11,2021-04-13 12:57:45,TIMEOUT
bcIpbTP5ergo0err,kimchristine@bootcamp.com,2021-04-13 11:50:49,2021-04-13 14:45:22,LOGOUT
cFbJjYodCvBFo0TS,brendavalentine@bootcamp.com,2021-04-13 11:51:12,2021-04-13 12:03:42,TIMEOUT
jO6sInW7NW7X5eTR,katherinegray@bootcamp.com,2021-04-13 11:52:58,2021-04-13 12:00:47,LOGOUT
pxeqM8eDnSk0HGqd,jessica49@bootcamp.com,2021-04-13 11:53:41,2021-04-13 14:51:22,TIMEOUT
6MLcc6zwdSctlIbu,patrickalyssa@bootcamp.com,2021-04-13 11:55:34,2021-04-13 13:33:10,TIMEOUT
zXJoO4ifbYT8VJR3,uhill@bootcamp.com,2021-04-13 11:56:03,2021-04-13 12:10:01,LOGOUT
pTpfMZkwI0wiZPoq,joannastafford@bootcamp.com,2021-04-13 11:58:30,2021-04-13 12:01:00,TIMEOUT
fgvizB4brwcFxpqd,laurakey@bootcamp.com,2021-04-13 12:01:10,2021-04-13 13:19:06,LOGOUT
FeBS6miB65rogXvR,justin05@bootcamp.com,2021-04-13 12:03:11,2021-04-13 12:45:43,TIMEOUT
ZhorLcHK8ncoQUjt,elizabeth23@bootcamp.com,2021-04-13 12:04:14,2021-04-13 12:11:44,TIMEOUT
qrfsgytknv1iGiE5,jmaxwell@bootcamp.com,2021-04-13 12:05:16,2021-04-13 12:17:46,TIMEOUT
UlCIx46MWtorpbVE,jandrews@bootcamp.com,2021-04-13 12:05:28,2021-04-13 13:07:45,LOGOUT
VrYMMCa6ly8HB6Xl,ryan58@bootcamp.com,2021-04-13 12:05:28,2021-04-13 12:38:00,TIMEOUT
QVyLCAxns8PCaomH,fcampbell@bootcamp.com,2021-04-13 12:07:24,2021-04-13 15:15:06,TIMEOUT
QKkbBVn4dvJi38Fl,xcrawford@bootcamp.com,2021-04-13 12:11:07,2021-04-13 12:24:52,LOGOUT
IrMPcBzNFawU6qYA,cpatterson@bootcamp.com,2021-04-13 12:11:50,2021-04-13 13:54:26,TIMEOUT
t9A0hB7aAGyEzUMY,randerson@bootcamp.com,2021-04-13 12:15:03,2021-04-13 13:17:37,TIMEOUT
dFKJAttRs1bmsBv3,ericcolon@bootcamp.com,2021-04-13 12:15:15,2021-04-13 14:17:53,TIMEOUT
iYeS5eh2nbMmfY2K,villanuevadavid@bootcamp.com,2021-04-13 12:19:40,2021-04-13 13:27:14,TIMEOUT
pBFOFR193yKtzYBZ,kbartlett@bootcamp.com,2021-04-13 12:19:42,2021-04-13 12:26:59,LOGOUT
V4Tf1byvPHxLMsrE,laurakey@bootcamp.com,2021-04-13 12:20:09,2021-04-13 12:26:40,LOGOUT
tUmMDHA0D9BTX6ov,steven66@bootcamp.com,2021-04-13 12:20:48,2021-04-13 12:41:53,LOGOUT
MfYKRqN4UTs83EPh,pamelaschultz@bootcamp.com,2021-04-13 12:22:18,2021-04-13 13:03:06,LOGOUT
nJAI8bRKyZYpDvFN,mark70@bootcamp.com,2021-04-13 12:24:25,2021-04-13 15:22:06,TIMEOUT
WIFZjKOMe7j6pDeU,kimberly35@bootcamp.com,2021-04-13 12:25:39,2021-04-13 14:43:18,TIMEOUT
F10MtesxqIsLvrMg,martinezmaria@bootcamp.com,2021-04-13 12:26:44,2021-04-13 13:47:50,LOGOUT
yeqkNKbT2ouhpKrW,gpalmer@bootcamp.com,2021-04-13 12:28:27,2021-04-13 13:00:59,TIMEOUT
sgHVPCZTvLzgHaFI,angelavaldez@bootcamp.com,2021-04-13 12:28:50,2021-04-13 14:05:29,TIMEOUT
HYWFJBDqZIHPHL66,fernandezkaren@bootcamp.com,2021-04-13 12:29:33,2021-04-13 15:42:33,TIMEOUT
5e4bHO1NE4fauGw8,brandon33@bootcamp.com,2021-04-13 12:30:39,2021-04-13 14:43:17,TIMEOUT
bikFDHq6yyx37txk,hmckay@bootcamp.com,2021-04-13 12:31:11,2021-04-13 18:24:04,TIMEOUT
Gi4BvWXxyYmxaVp8,bjordan@bootcamp.com,2021-04-13 12:32:44,2021-04-13 15:00:23,TIMEOUT
D8QTm62edDGMEAOS,jdaniel@bootcamp.com,2021-04-13 12:32:46,2021-04-13 14:10:22,TIMEOUT
dJly9c6G4qKmpJ4b,cynthialozano@bootcamp.com,2021-04-13 12:32:54,2021-04-13 13:44:17,LOGOUT
6GUbMmGTK0mx6XpM,cpatterson@bootcamp.com,2021-04-13 12:33:49,2021-04-13 12:41:19,TIMEOUT
ztjCQjvTH5mU8rCT,kimberly35@bootcamp.com,2021-04-13 12:34:53,2021-04-13 13:22:26,TIMEOUT
U5FuL3ZhnisS7i3c,steven66@bootcamp.com,2021-04-13 12:35:41,2021-04-13 13:10:08,LOGOUT
aRAyJoPnEddc69QF,xjohnson@bootcamp.com,2021-04-13 12:41:22,2021-04-13 13:38:55,TIMEOUT
Vqn4JFaFe0puUoqK,yrodriguez@bootcamp.com,2021-04-13 12:43:00,2021-04-13 14:10:35,TIMEOUT
WaUs90ocw8wYbUIs,randerson@bootcamp.com,2021-04-13 12:44:29,2021-04-13 14:41:11,TIMEOUT
9ObZUG5fibUC89su,mariarodriguez@bootcamp.com,2021-04-13 12:45:27,2021-04-13 13:27:59,TIMEOUT
Pgw9sXTH5hQNaoZm,jmaxwell@bootcamp.com,2021-04-13 12:45:59,2021-04-13 13:48:33,TIMEOUT
D8Edd10xIq0WQcIR,frankduran@bootcamp.com,2021-04-13 12:46:14,2021-04-13 15:43:55,TIMEOUT
DkaMBXegu3QfUiVr,psummers@bootcamp.com,2021-04-13 12:46:17,2021-04-13 14:57:20,LOGOUT
PYDNoq9UwfcC15qD,khall@bootcamp.com,2021-04-13 12:49:26,2021-04-13 13:11:57,TIMEOUT
6wP308wxFIZStxGX,owenrobyn@bootcamp.com,2021-04-13 12:49:28,2021-04-13 14:53:51,LOGOUT
U6rM0AbTSwvsmnBx,jdaniel@bootcamp.com,2021-04-13 12:50:09,2021-04-13 15:52:51,TIMEOUT
eC227A8uh2OznFNp,jandrews@bootcamp.com,2021-04-13 12:51:58,2021-04-13 17:14:45,TIMEOUT
hUUFCekBzJicnIzF,xfarmer@bootcamp.com,2021-04-13 12:52:56,2021-04-13 18:20:48,TIMEOUT
5WgtlIYvj5Jub0dS,randerson@bootcamp.com,2021-04-13 12:58:09,2021-04-13 13:20:40,TIMEOUT
3o2OjgGizqUSeH2w,perkinsluis@bootcamp.com,2021-04-13 12:59:58,2021-04-13 13:27:29,TIMEOUT
NTw7dmCW28aKSLt8,stephenhowe@bootcamp.com,2021-04-13 13:00:40,2021-04-13 13:13:10,TIMEOUT
5QnwFLINaQBHt3O3,kevinandrade@bootcamp.com,2021-04-13 13:01:08,2021-04-13 14:03:42,TIMEOUT
eeUEzjhkSenoJksx,johnsoncole@bootcamp.com,2021-04-13 13:02:01,2021-04-13 16:24:44,TIMEOUT
w10a1WZiPVuFCO9Q,kbartlett@bootcamp.com,2021-04-13 13:02:50,2021-04-13 13:05:20,TIMEOUT
aD1Rhr3ggeQW3N65,xjohnson@bootcamp.com,2021-04-13 13:04:16,2021-04-13 15:24:37,LOGOUT
SRvAx2uhI3xjJjJT,gary20@bootcamp.com,2021-04-13 13:06:05,2021-04-13 14:45:19,TIMEOUT
DkPKc36sV2DhoHCz,gary20@bootcamp.com,2021-04-13 13:07:22,2021-04-13 13:14:52,TIMEOUT
4DCEsLual0PcZk0l,brooksstephanie@bootcamp.com,2021-04-13 13:08:19,2021-04-13 13:10:49,TIMEOUT
EdfTz72IZISkEOkG,william61@bootcamp.com,2021-04-13 13:11:10,2021-04-13 14:38:45,TIMEOUT
PXHU7DWWi3QC3hKw,garciakimberly@bootcamp.com,2021-04-13 13:11:34,2021-04-13 16:31:57,LOGOUT
asSmGSEhREelStbu,rwade@bootcamp.com,2021-04-13 13:12:16,2021-04-13 13:34:44,LOGOUT
qJmZLfHBWscqVF7L,cbrown@bootcamp.com,2021-04-13 13:13:36,2021-04-13 13:31:07,TIMEOUT
knq374EPZ6P0j9bT,ariaswilliam@bootcamp.com,2021-04-13 13:13:58,2021-04-13 15:48:58,LOGOUT
ra84iiALfyNmCIQ9,nathan77@bootcamp.com,2021-04-13 13:14:04,2021-04-13 13:22:14,LOGOUT
fo1SMkBhxSRfnSCX,bmorgan@bootcamp.com,2021-04-13 13:16:04,2021-04-13 14:18:38,TIMEOUT
BclNZmf4Z1pIOHkf,pstanton@bootcamp.com,2021-04-13 13:17:36,2021-04-13 13:42:42,LOGOUT
bPkYgk0b0PXd9S1R,brooksstephanie@bootcamp.com,2021-04-13 13:17:59,2021-04-13 13:35:30,TIMEOUT
Etx89WaFeui413p6,khall@bootcamp.com,2021-04-13 13:20:12,2021-04-13 16:54:29,TIMEOUT
91u3WI8I00T9EdSe,tscott@bootcamp.com,2021-04-13 13:20:30,2021-04-13 13:28:00,TIMEOUT
pWigXd7ZeaRIzOlD,jacksonchad@bootcamp.com,2021-04-13 13:20:45,2021-04-13 16:53:29,TIMEOUT
d6VluHxyObTXlbxt,ericcolon@bootcamp.com,2021-04-13 13:20:58,2021-04-13 14:30:05,LOGOUT
XvmGGfDru0qBvrEG,ariaswilliam@bootcamp.com,2021-04-13 13:21:37,2021-04-13 14:14:16,LOGOUT
DIcVII6woMOTKsn5,ojones@bootcamp.com,2021-04-13 13:21:48,2021-04-13 15:09:25,TIMEOUT
nWJwzpqYTUC0y5si,donaldsonstacy@bootcamp.com,2021-04-13 13:21:51,2021-04-13 13:34:21,TIMEOUT
4Zn4uBn4zYGfz5lh,jeremy06@bootcamp.com,2021-04-13 13:21:57,2021-04-13 15:04:33,TIMEOUT
5upP9OmEES6687M9,staceywilliams@bootcamp.com,2021-04-13 13:22:35,2021-04-13 16:40:18,TIMEOUT
0tp6rCEkAThZg2TH,alexanderterri@bootcamp.com,2021-04-13 13:23:19,2021-04-13 13:50:50,TIMEOUT
WkZDt8sApHaOmUnT,jaredwright@bootcamp.com,2021-04-13 13:23:54,2021-04-13 14:16:27,TIMEOUT
Cxr0TjcTE08VUheO,tammy13@bootcamp.com,2021-04-13 13:25:56,2021-04-13 15:58:36,TIMEOUT
jco6L9p1WsLCGjRF,guzmanjennifer@bootcamp.com,2021-04-13 13:26:36,2021-04-13 14:59:12,TIMEOUT
ra6m88oNnVsYECht,daniel98@bootcamp.com,2021-04-13 13:26:51,2021-04-13 13:42:30,LOGOUT
NmAvocBM6Y5LFyuj,johnsondaniel@bootcamp.com,2021-04-13 13:27:14,2021-04-13 13:29:44,TIMEOUT
aTwrBjF3dH58zia5,mariarodriguez@bootcamp.com,2021-04-13 13:28:38,2021-04-13 13:41:08,TIMEOUT
6z9qUECiu8MLyaD7,nathan77@bootcamp.com,2021-04-13 13:29:22,2021-04-13 13:31:52,TIMEOUT
dvBPaPKj7rkV3RFJ,pmiller@bootcamp.com,2021-04-13 13:29:30,2021-04-13 13:52:01,TIMEOUT
fzCjxwDRQqmkVr50,karenvalencia@bootcamp.com,2021-04-13 13:31:23,2021-04-13 15:35:45,LOGOUT
XnODEdUggTFwXCp7,perrykelsey@bootcamp.com,2021-04-13 13:32:19,2021-04-13 15:34:57,TIMEOUT
4IOs6mfk83hW04LO,rwade@bootcamp.com,2021-04-13 13:34:01,2021-04-13 14:43:44,LOGOUT
M4qRexD73nKA3snh,nathan77@bootcamp.com,2021-04-13 13:34:50,2021-04-13 14:42:24,TIMEOUT
Jf3vfocVqgW9HU0l,jonathansmith@bootcamp.com,2021-04-13 13:34:52,2021-04-13 15:52:31,TIMEOUT
YcsyKDCxYDDPhG5f,peterharper@bootcamp.com,2021-04-13 13:36:11,2021-04-13 13:48:41,TIMEOUT
EFmITziC6Icvelja,amy69@bootcamp.com,2021-04-13 13:36:51,2021-04-13 14:09:23,TIMEOUT
qhnVYVTbjSTwthbQ,jmaxwell@bootcamp.com,2021-04-13 13:37:40,2021-04-13 13:53:37,LOGOUT
5jWx6GgGcEbTB3zv,ashleymiller@bootcamp.com,2021-04-13 13:38:50,2021-04-13 14:06:21,TIMEOUT
uOdUFSwbiejjiRjL,jaredwright@bootcamp.com,2021-04-13 13:40:14,2021-04-13 13:57:45,TIMEOUT
0eChr5pzdXjMMg6e,edwardgomez@bootcamp.com,2021-04-13 13:40:48,2021-04-13 14:48:22,TIMEOUT
Xq11ZKqea9Mtp6Qi,jonathansmith@bootcamp.com,2021-04-13 13:40:49,2021-04-13 14:08:20,TIMEOUT
B42J7dCzXOrUQfnu,pamelaschultz@bootcamp.com,2021-04-13 13:42:10,2021-04-13 15:00:58,LOGOUT
lSy4pNvL5oQE3c96,coffeyrandy@bootcamp.com,2021-04-13 13:43:16,2021-04-13 17:04:16,TIMEOUT
QpUjpirEbxuFnKuy,russell55@bootcamp.com,2021-04-13 13:45:52,2021-04-13 15:53:30,TIMEOUT
cYjhuv8LRPaOJDzk,fcampbell@bootcamp.com,2021-04-13 13:50:32,2021-04-13 17:03:14,TIMEOUT
fptdtQC5lHOrFaws,xfarmer@bootcamp.com,2021-04-13 13:52:18,2021-04-13 14:04:48,TIMEOUT
Dy8RwiYJ6VHiLx3Y,sandra55@bootcamp.com,2021-04-13 13:53:09,2021-04-13 15:16:42,LOGOUT
39u6dH1kivPafjoT,kbartlett@bootcamp.com,2021-04-13 13:54:00,2021-04-13 14:31:32,TIMEOUT
iJCPJRfvIePxJTEB,lmeyer@bootcamp.com,2021-04-13 13:55:06,2021-04-13 14:06:21,LOGOUT
phxAEO78QgdqidcI,jacksonchad@bootcamp.com,2021-04-13 13:55:42,2021-04-13 15:18:17,TIMEOUT
OUvLLWTB87BJIilj,rachel09@bootcamp.com,2021-04-13 13:56:21,2021-04-13 14:03:51,TIMEOUT
nlm2eyzWuMrHV7ir,bbrooks@bootcamp.com,2021-04-13 13:56:29,2021-04-13 16:44:10,TIMEOUT
gl0E2Um0MB4rshCy,alexanderterri@bootcamp.com,2021-04-13 13:56:33,2021-04-13 16:12:40,LOGOUT
ygc9VsvYIdAzdoSd,jonathansmith@bootcamp.com,2021-04-13 13:58:15,2021-04-13 14:15:46,TIMEOUT
EozXGtyFnSg2oQWg,castillopamela@bootcamp.com,2021-04-13 14:00:59,2021-04-13 15:03:33,TIMEOUT
Oai4XOApBeiFSvb4,mary29@bootcamp.com,2021-04-13 14:01:36,2021-04-13 15:49:42,LOGOUT
eBlVrMd2gGqtQIBD,rachel22@bootcamp.com,2021-04-13 14:01:42,2021-04-13 14:58:46,LOGOUT
zcDdLP7gDx8TZE6Z,johnsonchristopher@bootcamp.com,2021-04-13 14:02:08,2021-04-13 16:44:48,TIMEOUT
P4sij6aydeQuBFSi,guzmanjennifer@bootcamp.com,2021-04-13 14:03:10,2021-04-13 14:55:43,TIMEOUT
u79UCpW9x5fkh8lD,russell55@bootcamp.com,2021-04-13 14:03:34,2021-04-13 16:07:26,LOGOUT
ADDXEvH2599PjaPL,johnjackson@bootcamp.com,2021-04-13 14:03:46,2021-04-13 14:41:18,TIMEOUT
DymQB9V02VLEulUc,edwardgarcia@bootcamp.com,2021-04-13 14:03:53,2021-04-13 14:46:25,TIMEOUT
xbj1ipb8P9pEUACk,patrickalyssa@bootcamp.com,2021-04-13 14:04:21,2021-04-13 16:42:01,TIMEOUT
gnyUjHGa4BRfDfEe,rachel22@bootcamp.com,2021-04-13 14:06:23,2021-04-13 14:15:36,LOGOUT
vfTVUOic3xyoH9b8,ashleymiller@bootcamp.com,2021-04-13 14:07:38,2021-04-13 15:00:11,TIMEOUT
302Ftgawkm2UbfQA,ojones@bootcamp.com,2021-04-13 14:07:44,2021-04-13 15:40:20,TIMEOUT
GOKIs6QJJZinufYM,rickey61@bootcamp.com,2021-04-13 14:10:01,2021-04-13 14:57:34,TIMEOUT
x0igk4DTjWyBygrq,morgan54@bootcamp.com,2021-04-13 14:12:20,2021-04-13 14:59:53,TIMEOUT
16xkQBHgfSMpT6qA,christine42@bootcamp.com,2021-04-13 14:12:40,2021-04-13 16:00:17,TIMEOUT
hFgAl8aEkXRVFZb4,ojones@bootcamp.com,2021-04-13 14:13:08,2021-04-13 14:40:39,TIMEOUT
onVWKnlORVVR9a7U,laurakey@bootcamp.com,2021-04-13 14:13:29,2021-04-13 14:19:43,LOGOUT
Eske02xFWvawRQoJ,kbartlett@bootcamp.com,2021-04-13 14:13:30,2021-04-13 15:12:45,LOGOUT
izKwSK4hxpL9gNcL,brooksstephanie@bootcamp.com,2021-04-13 14:13:36,2021-04-13 18:02:31,LOGOUT
Alhop6beFGRLo4Km,davidmichelle@bootcamp.com,2021-04-13 14:14:25,2021-04-13 14:21:55,TIMEOUT
F6Wt67w6eJuMfVVg,ojones@bootcamp.com,2021-04-13 14:16:56,2021-04-13 17:14:37,TIMEOUT
1e5DxDA4e0t2wiFI,jenniferwhite@bootcamp.com,2021-04-13 14:17:30,2021-04-13 14:50:02,TIMEOUT
HeCVhyvdhxj5h5K8,martinezmaria@bootcamp.com,2021-04-13 14:18:04,2021-04-13 14:40:35,TIMEOUT
0G63VA5ddG1lHaoE,kristen40@bootcamp.com,2021-04-13 14:18:17,2021-04-13 14:40:21,LOGOUT
tcJMHBYunPDKFnDb,wgaines@bootcamp.com,2021-04-13 14:18:39,2021-04-13 14:46:10,TIMEOUT
mzlKBnfVMpG72q4r,wyatthess@bootcamp.com,2021-04-13 14:18:48,2021-04-13 15:11:21,TIMEOUT
DQGJKmD05kAvWBnT,qcarpenter@bootcamp.com,2021-04-13 14:18:58,2021-04-13 14:52:23,LOGOUT
xg5xWHf8CD5n3m2I,gonzalezjerry@bootcamp.com,2021-04-13 14:20:05,2021-04-13 16:52:35,TIMEOUT
k2ZeXckC20X3XgnC,jessica44@bootcamp.com,2021-04-13 14:20:13,2021-04-13 15:05:11,LOGOUT
LkLaiPu9M3elKWZV,daniel98@bootcamp.com,2021-04-13 14:20:56,2021-04-13 15:13:16,LOGOUT
bGRbfSeZOFwluirf,montoyajoshua@bootcamp.com,2021-04-13 14:22:14,2021-04-13 14:29:44,TIMEOUT
YqkEfxm3YsnfrmrD,kimchristine@bootcamp.com,2021-04-13 14:22:34,2021-04-13 15:33:26,LOGOUT
OQFAWNp345iDyxhT,xcrawford@bootcamp.com,2021-04-13 14:22:36,2021-04-13 15:00:08,TIMEOUT
WvGxhQwBKUes5oOx,gpalmer@bootcamp.com,2021-04-13 14:22:46,2021-04-13 14:45:17,TIMEOUT
dOulxVqxwcdu8Sc4,dmiller@bootcamp.com,2021-04-13 14:23:12,2021-04-13 16:50:51,TIMEOUT
xjSggxuLJVgBl4OZ,bjordan@bootcamp.com,2021-04-13 14:23:29,2021-04-13 15:11:02,TIMEOUT
4Gqoz4rVKGKgM8OJ,yrodriguez@bootcamp.com,2021-04-13 14:23:43,2021-04-13 14:51:14,TIMEOUT
0OVknGZMnntQMV8j,brooksstephanie@bootcamp.com,2021-04-13 14:27:06,2021-04-13 14:29:36,TIMEOUT
1QZvtSkZIx6m84Is,pamelaschultz@bootcamp.com,2021-04-13 14:28:41,2021-04-13 15:01:13,TIMEOUT
9pkZfBT7fa58flJi,jamesdenise@bootcamp.com,2021-04-13 14:29:11,2021-04-13 15:10:50,LOGOUT
pvGA3MJfAemsM6Lp,jacksonchad@bootcamp.com,2021-04-13 14:29:17,2021-04-13 16:21:54,TIMEOUT
1FWaU2gWS57fLOyS,ericcolon@bootcamp.com,2021-04-13 14:30:22,2021-04-13 14:32:52,TIMEOUT
q3N8sxz65HJxjzMJ,jandrews@bootcamp.com,2021-04-13 14:30:23,2021-04-13 15:12:55,TIMEOUT
kZfGITW0ZFVzZTHo,cheryl89@bootcamp.com,2021-04-13 14:30:24,2021-04-13 16:18:01,TIMEOUT
SM7nRZ9e6aXv8B7k,christine42@bootcamp.com,2021-04-13 14:30:59,2021-04-13 16:04:12,LOGOUT
Ox0Vb5IeeHavNLA8,xjohnson@bootcamp.com,2021-04-13 14:33:02,2021-04-13 16:08:37,TIMEOUT
XFWBjlCVO4X6t2dc,johnsoncole@bootcamp.com,2021-04-13 14:33:22,2021-04-13 14:40:52,TIMEOUT
RMg3Vgap9iR53ODE,owenrobyn@bootcamp.com,2021-04-13 14:33:25,2021-04-13 17:51:08,TIMEOUT
QRooiP7Tmdc3T2oY,amy69@bootcamp.com,2021-04-13 14:33:30,2021-04-13 15:01:41,LOGOUT
IfI0J0Gvq1jKNBnP,rojasronald@bootcamp.com,2021-04-13 14:34:54,2021-04-13 19:31:14,LOGOUT
mjBFhrlcHRGvFKbQ,khall@bootcamp.com,2021-04-13 14:36:28,2021-04-13 15:34:01,TIMEOUT
g67OYOh28Cz9iu9n,wgaines@bootcamp.com,2021-04-13 14:37:13,2021-04-13 16:14:49,TIMEOUT
OAhxdvlNn5GogFYb,cookeeric@bootcamp.com,2021-04-13 14:38:54,2021-04-13 15:11:26,TIMEOUT
logFafwYr0ifKOuh,gary20@bootcamp.com,2021-04-13 14:39:19,2021-04-13 17:27:00,TIMEOUT
sBtplj6zUPm3cqqe,mark70@bootcamp.com,2021-04-13 14:41:22,2021-04-13 15:33:55,TIMEOUT
E22s7CnIAwPSRYBg,pmiller@bootcamp.com,2021-04-13 14:41:29,2021-04-13 15:14:01,TIMEOUT
KzaqYM6vMN24iAPS,jacksonchad@bootcamp.com,2021-04-13 14:42:35,2021-04-13 16:10:10,TIMEOUT
5y7hirrTtWLOjjwb,ashleymiller@bootcamp.com,2021-04-13 14:43:09,2021-04-13 15:15:41,TIMEOUT
hxwlR8wI2z5RY39k,cookeeric@bootcamp.com,2021-04-13 14:44:51,2021-04-13 15:22:23,TIMEOUT
uCkeLhqAHmypYF6C,xfarmer@bootcamp.com,2021-04-13 14:44:56,2021-04-13 16:12:31,TIMEOUT
JwyMeXYKo4wbIKhp,castillopamela@bootcamp.com,2021-04-13 14:45:50,2021-04-13 15:28:22,TIMEOUT
izqGNTKuogtJ7Xyv,steven66@bootcamp.com,2021-04-13 14:46:18,2021-04-13 15:47:48,LOGOUT
1Bn9ZO2tePSOWPLW,rwade@bootcamp.com,2021-04-13 14:46:57,2021-04-13 17:49:39,TIMEOUT
27bE0aYO3rb0uDdv,kimberlywalker@bootcamp.com,2021-04-13 14:47:05,2021-04-13 15:59:39,TIMEOUT
f6xCWI7UuY5gSt85,kevinandrade@bootcamp.com,2021-04-13 14:48:36,2021-04-13 14:51:06,TIMEOUT
ABa7a5QXgd7iEW4J,sandra55@bootcamp.com,2021-04-13 14:48:51,2021-04-13 16:26:27,TIMEOUT
yFzaZr1IIxqDveSL,cheryl89@bootcamp.com,2021-04-13 14:50:00,2021-04-13 16:29:36,LOGOUT
74Aa5cB75AQJ7B4R,kevinandrade@bootcamp.com,2021-04-13 14:50:27,2021-04-13 14:57:57,TIMEOUT
qhTwc05JP4cPwhcS,shannonwilliams@bootcamp.com,2021-04-13 14:50:53,2021-04-13 15:48:26,TIMEOUT
EHAIebgoFCF4gymm,brandon33@bootcamp.com,2021-04-13 14:53:35,2021-04-13 15:26:07,TIMEOUT
kdof9WscvSPSxZOj,owenrobyn@bootcamp.com,2021-04-13 14:57:53,2021-04-13 15:05:23,TIMEOUT
e9zgWKyp7ep3rM69,jenniferwhite@bootcamp.com,2021-04-13 14:58:04,2021-04-13 15:56:22,TIMEOUT
BPdmDL3Csglxh1i0,tammy13@bootcamp.com,2021-04-13 14:58:05,2021-04-13 15:05:35,TIMEOUT
ssrgRnxlE2s0cPwQ,jasonwilliams@bootcamp.com,2021-04-13 14:58:21,2021-04-13 16:28:29,LOGOUT
7BJkaFWSw66XBQOA,sandra55@bootcamp.com,2021-04-13 14:59:25,2021-04-13 16:11:59,TIMEOUT
fQ4Z8dK81p3CHLxA,ryangomez@bootcamp.com,2021-04-13 15:01:37,2021-04-13 15:55:50,LOGOUT
Fc1BcuDS3pA9smDu,kristen40@bootcamp.com,2021-04-13 15:02:22,2021-04-13 15:59:55,TIMEOUT
B2EOUdo3AwBVHnpV,isaacmoreno@bootcamp.com,2021-04-13 15:03:23,2021-04-13 15:10:53,TIMEOUT
ZQQFEwkHEKxVsV7l,william61@bootcamp.com,2021-04-13 15:03:29,2021-04-13 16:01:34,LOGOUT
BDpqpGXsgAIOde19,karenvalencia@bootcamp.com,2021-04-13 15:03:53,2021-04-13 15:46:25,TIMEOUT
Ygra8ngC6kL0EvOz,ritalynch@bootcamp.com,2021-04-13 15:05:03,2021-04-13 15:12:33,TIMEOUT
uoOJjlrPOHmmPAJI,baldwinmichael@bootcamp.com,2021-04-13 15:06:22,2021-04-13 16:29:22,LOGOUT
TUptxIuaNMRkbOeC,pstanton@bootcamp.com,2021-04-13 15:06:30,2021-04-13 16:54:07,TIMEOUT
iLCAl7bhcvXOMxM5,jenniferwhite@bootcamp.com,2021-04-13 15:08:42,2021-04-13 15:16:12,TIMEOUT
DIy43uivBvaMk6iJ,lisa74@bootcamp.com,2021-04-13 15:08:48,2021-04-13 15:36:19,TIMEOUT
zZ3kegTqOJFDx1Oo,jmaxwell@bootcamp.com,2021-04-13 15:09:33,2021-04-13 15:27:04,TIMEOUT
0HAk47biaocLY2jr,kbartlett@bootcamp.com,2021-04-13 15:09:35,2021-04-13 21:12:29,TIMEOUT
tACaY7Q17nk7xDqh,daniel98@bootcamp.com,2021-04-13 15:09:36,2021-04-13 15:47:08,TIMEOUT
SrISL7QRkaqObKQo,justin05@bootcamp.com,2021-04-13 15:11:17,2021-04-13 15:49:57,TIMEOUT
2hiTOVczmRR38FFt,angelicawalker@bootcamp.com,2021-04-13 15:11:34,2021-04-13 20:29:25,TIMEOUT
luwN9Lwm2plwb1Tv,christinagray@bootcamp.com,2021-04-13 15:13:55,2021-04-13 16:46:31,TIMEOUT
xshDWy7PwQw3qZ4G,lmeyer@bootcamp.com,2021-04-13 15:14:44,2021-04-13 15:17:14,TIMEOUT
aELFg2aEbndWAIwu,ryangomez@bootcamp.com,2021-04-13 15:17:44,2021-04-13 17:32:43,LOGOUT
85Jvy7cm0Z1rkNSM,cbrown@bootcamp.com,2021-04-13 15:18:02,2021-04-13 19:05:00,TIMEOUT
vp8ovq0QnJguhFrQ,jeremy06@bootcamp.com,2021-04-13 15:18:09,2021-04-13 15:38:13,LOGOUT
TSuEHWftg9D7LfAX,edwardgarcia@bootcamp.com,2021-04-13 15:20:30,2021-04-13 16:17:11,LOGOUT
VTmfbJ5EU7UYaEs1,hmckay@bootcamp.com,2021-04-13 15:20:59,2021-04-13 19:53:47,TIMEOUT
LYjN7AvUmaq4mp7g,pmiller@bootcamp.com,2021-04-13 15:21:32,2021-04-13 17:24:10,TIMEOUT
fOScEJs3zr4y3hyx,lisa74@bootcamp.com,2021-04-13 15:21:42,2021-04-13 16:46:51,LOGOUT
XEwhxlyPnypn2I7c,cookeeric@bootcamp.com,2021-04-13 15:21:42,2021-04-13 16:44:17,TIMEOUT
Rm1wBo0ybwUdbHyh,johnsonchristopher@bootcamp.com,2021-04-13 15:24:41,2021-04-13 20:02:29,TIMEOUT
3O1zjvfpoOOm1HQL,christine42@bootcamp.com,2021-04-13 15:25:12,2021-04-13 17:52:22,TIMEOUT
o67qNG7JTrLUaklG,ryan58@bootcamp.com,2021-04-13 15:26:12,2021-04-13 16:23:45,TIMEOUT
hZtehU4obhyNTzMp,jmaxwell@bootcamp.com,2021-04-13 15:27:30,2021-04-13 19:15:15,TIMEOUT
shnjjlCQ6WW5HQgc,johnjackson@bootcamp.com,2021-04-13 15:27:59,2021-04-13 15:30:29,TIMEOUT
7lmasapGgwqM4IwC,pmiller@bootcamp.com,2021-04-13 15:29:04,2021-04-13 16:05:12,LOGOUT
rJUmGzLmFmcipwHU,jorge78@bootcamp.com,2021-04-13 15:29:06,2021-04-13 15:36:36,TIMEOUT
AhCqXczsFZQO0IoY,shannonwilliams@bootcamp.com,2021-04-13 15:30:32,2021-04-13 15:59:19,LOGOUT
1CNi0qaFkG794KyP,dmiller@bootcamp.com,2021-04-13 15:31:51,2021-04-13 18:49:34,TIMEOUT
pY3kxYWO0z8s3ery,phyllis23@bootcamp.com,2021-04-13 15:33:48,2021-04-13 15:41:18,TIMEOUT
oZwCs4OiZzhCbiB6,jessica44@bootcamp.com,2021-04-13 15:34:11,2021-04-13 19:04:10,LOGOUT
qQ0T3PFwEDnOJNSD,joel69@bootcamp.com,2021-04-13 15:35:11,2021-04-13 16:14:51,LOGOUT
3AGAdO8cTgi8k8bH,villanuevadavid@bootcamp.com,2021-04-13 15:35:26,2021-04-13 16:48:56,LOGOUT
SGiMrAYB0f8gOAlR,donaldsonstacy@bootcamp.com,2021-04-13 15:35:42,2021-04-13 16:08:14,TIMEOUT
jHj3C1o1EFCGSHtW,jamesdenise@bootcamp.com,2021-04-13 15:37:10,2021-04-13 19:39:56,TIMEOUT
LgFzApYk7SBNCYA9,cynthialozano@bootcamp.com,2021-04-13 15:37:47,2021-04-13 16:25:20,TIMEOUT
gWurhwlduA9nTz95,baldwinmichael@bootcamp.com,2021-04-13 15:38:14,2021-04-13 16:27:43,LOGOUT
XssowNYZxySLEMzq,cpatterson@bootcamp.com,2021-04-13 15:40:33,2021-04-13 16:38:06,TIMEOUT
ps3Rr6OZKvsF4BNl,wrightdwayne@bootcamp.com,2021-04-13 15:42:25,2021-04-13 16:14:57,TIMEOUT
EvLKZen7qJImyUHG,gonzalezjerry@bootcamp.com,2021-04-13 15:43:17,2021-04-13 15:55:01,LOGOUT
LTkbiRUSMDbPgtm3,rachel09@bootcamp.com,2021-04-13 15:44:43,2021-04-13 16:31:50,LOGOUT
r0bvcjaBOt0c4n2t,cpatterson@bootcamp.com,2021-04-13 15:45:48,2021-04-13 16:54:15,LOGOUT
mXF21W38j720NTtk,bmorgan@bootcamp.com,2021-04-13 15:45:53,2021-04-13 17:36:58,LOGOUT
ncpbYnL5kzA3R4i3,chris85@bootcamp.com,2021-04-13 15:47:20,2021-04-13 16:12:19,LOGOUT
2pKsGASfIhd5UqkX,johnsonchristopher@bootcamp.com,2021-04-13 15:47:23,2021-04-13 16:31:30,LOGOUT
N9MaT0q1NjnsXuJd,randerson@bootcamp.com,2021-04-13 15:52:28,2021-04-13 15:59:58,TIMEOUT
OY1YjWGGUQ6URaYQ,noahwerner@bootcamp.com,2021-04-13 15:52:29,2021-04-13 16:04:59,TIMEOUT
mfuberemy1yRqsnT,staceywilliams@bootcamp.com,2021-04-13 15:53:28,2021-04-13 16:15:59,TIMEOUT
lSmVYEn3g43VlEiD,martinezmaria@bootcamp.com,2021-04-13 15:53:31,2021-04-13 16:11:02,TIMEOUT
brAnScRFVBgngXXV,wyatthess@bootcamp.com,2021-04-13 15:55:06,2021-04-13 16:52:39,TIMEOUT
xO2crni123qlnejM,melissagill@bootcamp.com,2021-04-13 15:55:43,2021-04-13 16:03:13,TIMEOUT
c2nnAGSYnPufCNK8,edwardgarcia@bootcamp.com,2021-04-13 15:56:16,2021-04-13 17:23:51,TIMEOUT
fnMKcwJOQWcWzUNm,jessica49@bootcamp.com,2021-04-13 15:56:38,2021-04-13 19:42:19,LOGOUT
GtsnbPxOaILaiP4X,jasonwilliams@bootcamp.com,2021-04-13 15:56:40,2021-04-13 16:12:06,LOGOUT
wLahNCUeig6NaZy5,mark70@bootcamp.com,2021-04-13 15:57:22,2021-04-13 19:25:05,TIMEOUT
CJA22D2igkOaTeYX,elizabeth23@bootcamp.com,2021-04-13 15:57:58,2021-04-13 16:47:34,LOGOUT
ESxL6ZzG1x4A2Smb,mcfarlandjoshua@bootcamp.com,2021-04-13 15:58:47,2021-04-13 18:45:40,LOGOUT
6tdSEIQlGr7TwSOR,cynthialozano@bootcamp.com,2021-04-13 15:58:58,2021-04-13 16:05:20,LOGOUT
eYik6Ed1ZCvYOYaf,montoyajoshua@bootcamp.com,2021-04-13 15:59:15,2021-04-13 16:06:07,LOGOUT
xTF0cBdDbPif9qIm,angelavaldez@bootcamp.com,2021-04-13 16:01:03,2021-04-13 16:43:01,LOGOUT
C5NVrnJnG1JJSrQq,richmondbrittany@bootcamp.com,2021-04-13 16:01:27,2021-04-13 16:13:57,LOGOUT
166Nqn390KPy52e8,cheryl89@bootcamp.com,2021-04-13 16:02:48,2021-04-13 16:05:18,TIMEOUT
SagU2q0ExCIzarA0,martinezmaria@bootcamp.com,2021-04-13 16:02:49,2021-04-13 18:30:28,TIMEOUT
M3q82P2tCwvaZjjd,jonessamuel@bootcamp.com,2021-04-13 16:03:25,2021-04-13 19:30:50,LOGOUT
0VHmGj34pKV0YTZ3,lhatfield@bootcamp.com,2021-04-13 16:03:33,2021-04-13 18:06:11,TIMEOUT
BZVF2xvxvrhkjtNG,hernandezfrank@bootcamp.com,2021-04-13 16:03:47,2021-04-13 16:16:17,TIMEOUT
75t30AjaEst0s14J,xfarmer@bootcamp.com,2021-04-13 16:04:02,2021-04-13 16:16:32,TIMEOUT
hNkrOHGx1OxnEcIE,rwolf@bootcamp.com,2021-04-13 16:04:03,2021-04-13 17:21:38,TIMEOUT
pdb2FeqHgezqpkEb,ortegaholly@bootcamp.com,2021-04-13 16:04:50,2021-04-13 16:23:07,LOGOUT
3qrATBN5XsLetT0F,russell55@bootcamp.com,2021-04-13 16:08:25,2021-04-13 17:20:59,TIMEOUT
Wl7q7maEYN9bwpdz,cbrown@bootcamp.com,2021-04-13 16:09:05,2021-04-13 16:16:35,TIMEOUT
OB80KqddjFfIIht3,fcampbell@bootcamp.com,2021-04-13 16:10:06,2021-04-13 17:18:45,LOGOUT
LnmH7nX6AxMJ7ARJ,ortegaholly@bootcamp.com,2021-04-13 16:10:35,2021-04-13 19:58:20,TIMEOUT
3eRptYNLiJVHmrA3,mcfarlandjoshua@bootcamp.com,2021-04-13 16:11:13,2021-04-13 16:18:43,TIMEOUT
WAsnMfXfVjtyPk2c,sandra55@bootcamp.com,2021-04-13 16:11:42,2021-04-13 16:35:36,LOGOUT
0AFv9P8mAV0KpdCC,rachel22@bootcamp.com,2021-04-13 16:17:03,2021-04-13 17:04:36,TIMEOUT
jeSEOS4jsz8PTgtL,ortegaholly@bootcamp.com,2021-04-13 16:18:05,2021-04-13 16:55:26,LOGOUT
ljkcAetgW7O009Vb,kristen40@bootcamp.com,2021-04-13 16:19:01,2021-04-13 17:11:34,TIMEOUT
wcrym1gbdyUDHN35,perrykelsey@bootcamp.com,2021-04-13 16:21:28,2021-04-13 18:14:05,TIMEOUT
qTzVLYnZ3O47pmwe,karenvalencia@bootcamp.com,2021-04-13 16:23:39,2021-04-13 16:39:57,LOGOUT
amOzrvjnz3rCz0oP,mary29@bootcamp.com,2021-04-13 16:24:53,2021-04-13 17:02:25,TIMEOUT
Yn5F0VtdFP796bLZ,bmarshall@bootcamp.com,2021-04-13 16:24:57,2021-04-13 17:02:49,LOGOUT
7QGbJ8m4gtmDXMGw,brandon33@bootcamp.com,2021-04-13 16:26:12,2021-04-13 21:12:20,LOGOUT
GNcROTneiYudYjQt,johnsoncole@bootcamp.com,2021-04-13 16:26:30,2021-04-13 17:19:03,TIMEOUT
kNPEtg4W2GRGQENP,kinghenry@bootcamp.com,2021-04-13 16:27:14,2021-04-13 17:34:48,TIMEOUT
ej0UdHHeMB2zUi6R,joel69@bootcamp.com,2021-04-13 16:28:31,2021-04-13 17:01:03,TIMEOUT
F7I6KqfXdn75oEMp,brendavalentine@bootcamp.com,2021-04-13 16:32:39,2021-04-13 18:00:14,TIMEOUT
A2uU6BRpdNmbkOxu,kinghenry@bootcamp.com,2021-04-13 16:32:43,2021-04-13 16:40:13,TIMEOUT
5vCou1KXIyt14o27,gary20@bootcamp.com,2021-04-13 16:32:55,2021-04-13 16:45:25,TIMEOUT
YdXlOTctAYOYyU69,rickey61@bootcamp.com,2021-04-13 16:33:17,2021-04-13 21:51:08,TIMEOUT
7sE4VFgbBDh4ETsR,jonessamuel@bootcamp.com,2021-04-13 16:34:25,2021-04-13 16:56:51,LOGOUT
IAOa5yV2d200kxs4,daniel98@bootcamp.com,2021-04-13 16:34:42,2021-04-13 16:42:42,LOGOUT
A0E8dHFBAWZjh5N3,karenvalencia@bootcamp.com,2021-04-13 16:35:03,2021-04-13 16:47:33,TIMEOUT
e06pEmyfALlVDqFF,rwolf@bootcamp.com,2021-04-13 16:35:40,2021-04-13 17:58:17,LOGOUT
Ic0KPldt8IVQNThw,david90@bootcamp.com,2021-04-13 16:36:55,2021-04-13 18:36:38,LOGOUT
ASqjcBkvdcRBx2Ii,perkinsluis@bootcamp.com,2021-04-13 16:38:49,2021-04-13 17:18:25,LOGOUT
0tbceEtKjA4UIrgD,wrightdwayne@bootcamp.com,2021-04-13 16:39:05,2021-04-13 16:56:36,TIMEOUT
FVPdGk0ObnXET8ha,qcarpenter@bootcamp.com,2021-04-13 16:39:55,2021-04-13 17:17:27,TIMEOUT
wBodiAIztL7xde2G,christina36@bootcamp.com,2021-04-13 16:42:00,2021-04-13 21:20:06,TIMEOUT
xFfrEK0FKttwoes6,phyllis23@bootcamp.com,2021-04-13 16:43:06,2021-04-13 18:35:43,TIMEOUT
Dqxn0rh0kfc3DufP,jmaxwell@bootcamp.com,2021-04-13 16:44:17,2021-04-13 18:02:25,LOGOUT
MEzvXE7DVoFZIcKE,morgan54@bootcamp.com,2021-04-13 16:44:41,2021-04-13 19:09:03,TIMEOUT
cn8b5vOFDFvszWaD,donaldsonstacy@bootcamp.com,2021-04-13 16:45:01,2021-04-13 16:57:31,TIMEOUT
zS8nLuASF0yNYgHx,peterharper@bootcamp.com,2021-04-13 16:48:37,2021-04-13 17:25:55,LOGOUT
ivT5aAwpKctwES1x,owenrobyn@bootcamp.com,2021-04-13 16:49:02,2021-04-13 18:26:38,TIMEOUT
f3GjnkMqebWCJkqD,ortegaholly@bootcamp.com,2021-04-13 16:51:26,2021-04-13 17:09:52,LOGOUT
WTX1pBBZUByujeas,fernandezkaren@bootcamp.com,2021-04-13 16:51:47,2021-04-13 17:47:38,LOGOUT
JpRiEDK6BEG49JNI,kimchristine@bootcamp.com,2021-04-13 16:51:57,2021-04-13 17:14:28,TIMEOUT
SLEVbk3oZ99fswS3,melissagill@bootcamp.com,2021-04-13 16:53:16,2021-04-13 18:08:13,LOGOUT
AFTQFB52oShAtHTA,edwardgarcia@bootcamp.com,2021-04-13 16:53:37,2021-04-13 17:51:40,LOGOUT
5SiywlbcTxNvNW9J,wgaines@bootcamp.com,2021-04-13 16:54:15,2021-04-13 18:26:51,TIMEOUT
Q2KJVgNCoEO070II,christinagray@bootcamp.com,2021-04-13 16:55:23,2021-04-13 17:37:55,TIMEOUT
Q6epnGjLqTgGHdBs,qcarpenter@bootcamp.com,2021-04-13 16:55:38,2021-04-13 17:53:11,TIMEOUT
TbZTOWkIJkifDwYA,jamesdenise@bootcamp.com,2021-04-13 16:57:58,2021-04-13 17:54:59,LOGOUT
c9paq5x2DcozlUiF,johnjackson@bootcamp.com,2021-04-13 17:00:40,2021-04-13 17:40:42,LOGOUT
Gvp6Z0ASv6GUbxAL,danielsjohn@bootcamp.com,2021-04-13 17:00:47,2021-04-13 17:08:17,TIMEOUT
KWMrT07aT2cQuRLO,clairecordova@bootcamp.com,2021-04-13 17:03:48,2021-04-13 17:36:20,TIMEOUT
U6gjuHy2EGe7Sot8,sandra55@bootcamp.com,2021-04-13 17:05:09,2021-04-13 17:45:16,LOGOUT
qC6GA1W2F0N5DyLZ,rwade@bootcamp.com,2021-04-13 17:07:54,2021-04-13 17:35:25,TIMEOUT
gcdNgVZZNKXM9eVa,mariarodriguez@bootcamp.com,2021-04-13 17:08:36,2021-04-13 18:10:14,LOGOUT
Z6lKm3VlVO4e3uAn,jessica44@bootcamp.com,2021-04-13 17:10:05,2021-04-13 18:12:39,TIMEOUT
RxjgGcf18VgFAD3p,xcrawford@bootcamp.com,2021-04-13 17:10:15,2021-04-13 17:19:47,LOGOUT
ABmcWr9WOZUV9FPB,wrightdwayne@bootcamp.com,2021-04-13 17:10:30,2021-04-13 17:52:39,LOGOUT
Ayj19z5jcOMfChwX,gpalmer@bootcamp.com,2021-04-13 17:11:58,2021-04-13 18:54:34,TIMEOUT
AXnDxILyUS4ZWuK4,gonzalezjerry@bootcamp.com,2021-04-13 17:13:06,2021-04-13 18:33:45,LOGOUT
6Wue9qRY6w1IVyA7,fmcfarland@bootcamp.com,2021-04-13 17:13:52,2021-04-13 19:42:30,TIMEOUT
xZHFiqGRBUBtMfMd,justin05@bootcamp.com,2021-04-13 17:14:11,2021-04-13 18:06:45,LOGOUT
d2ZoPNhxeyJu0Hlk,christopherthomas@bootcamp.com,2021-04-13 17:14:24,2021-04-13 19:05:05,LOGOUT
eCndX8VC48ACcZbo,guzmanjennifer@bootcamp.com,2021-04-13 17:14:24,2021-04-13 17:36:55,TIMEOUT
veEglHDQvXPmaZnT,thomaskelly@bootcamp.com,2021-04-13 17:14:57,2021-04-13 20:27:39,TIMEOUT
S5TTF2K46iHa1rb2,thomaskelly@bootcamp.com,2021-04-13 17:15:01,2021-04-13 17:37:52,LOGOUT
jwmN81ybcG2masWX,fmcfarland@bootcamp.com,2021-04-13 17:16:04,2021-04-13 17:43:35,TIMEOUT
6FDxXlgR15K4yrGC,kimberlywalker@bootcamp.com,2021-04-13 17:16:31,2021-04-13 17:52:41,LOGOUT
lWgyc04hDsKpawHD,perrykelsey@bootcamp.com,2021-04-13 17:17:31,2021-04-13 18:53:52,LOGOUT
Wm0PSZPLrYFAUQKv,jandrews@bootcamp.com,2021-04-13 17:17:52,2021-04-13 18:45:27,TIMEOUT
eqQTpFoRCtrhSjBe,christopherthomas@bootcamp.com,2021-04-13 17:18:43,2021-04-13 17:57:58,LOGOUT
PfYRpaorrYpsTnsv,elizabeth23@bootcamp.com,2021-04-13 17:18:58,2021-04-13 18:20:09,TIMEOUT
DEIpdolYDORPd0XC,castillopamela@bootcamp.com,2021-04-13 17:20:12,2021-04-13 17:50:09,LOGOUT
QYFztLKugvlY0SAZ,mcfarlandjoshua@bootcamp.com,2021-04-13 17:20:24,2021-04-13 17:27:02,LOGOUT
t6yVs6u8gJ5tnIIT,gonzalezjerry@bootcamp.com,2021-04-13 17:21:43,2021-04-13 18:14:16,TIMEOUT
qC2AkBqnOkgLRK7i,owenrobyn@bootcamp.com,2021-04-13 17:22:00,2021-04-13 19:59:40,TIMEOUT
pYIP7RCWY7zKSJhT,ndunn@bootcamp.com,2021-04-13 17:23:32,2021-04-13 18:36:06,TIMEOUT
9MXVvOSTnsZc7j7C,brandon33@bootcamp.com,2021-04-13 17:24:01,2021-04-13 20:16:42,TIMEOUT
IFXFiWLT6ApKI1CJ,johnjackson@bootcamp.com,2021-04-13 17:24:23,2021-04-13 18:56:59,TIMEOUT
De0UHplUmXKGDgRJ,joannastafford@bootcamp.com,2021-04-13 17:25:40,2021-04-13 19:00:10,LOGOUT
5bu3YxlF8v6XsjRF,karenvalencia@bootcamp.com,2021-04-13 17:25:41,2021-04-13 18:18:14,TIMEOUT
wZ2gGTz9ich83ySW,donaldsonstacy@bootcamp.com,2021-04-13 17:26:00,2021-04-13 18:23:00,LOGOUT
fz28KQQMHn9SsDxJ,jeremy06@bootcamp.com,2021-04-13 17:26:10,2021-04-13 17:43:41,TIMEOUT
FEI7bi9Tw0TZm3fd,ryangomez@bootcamp.com,2021-04-13 17:26:34,2021-04-13 18:38:23,LOGOUT
xltwMZ0TrMP5AHur,thomaskelly@bootcamp.com,2021-04-13 17:27:31,2021-04-13 17:43:02,LOGOUT
MbxmowtzdUafdzDW,jasonwilliams@bootcamp.com,2021-04-13 17:28:10,2021-04-13 17:35:40,TIMEOUT
3yKE4lyfaO2nlM5L,wrightdwayne@bootcamp.com,2021-04-13 17:28:12,2021-04-13 18:21:11,LOGOUT
dg71LGbzn8xfHXXE,kevinandrade@bootcamp.com,2021-04-13 17:29:05,2021-04-13 17:36:35,TIMEOUT
Yb8gPVIRTLGEWrqv,wgaines@bootcamp.com,2021-04-13 17:32:21,2021-04-13 19:34:35,LOGOUT
Dcfm9zxdGltyRxMF,martinezmaria@bootcamp.com,2021-04-13 17:33:20,2021-04-13 18:06:41,LOGOUT
w299G0aUw1RkWOHy,brian18@bootcamp.com,2021-04-13 17:33:21,2021-04-13 17:35:51,TIMEOUT
HfqovA7sb0xfE08w,garciakimberly@bootcamp.com,2021-04-13 17:34:32,2021-04-13 19:01:08,LOGOUT
LDKLBLUs5JyFQYu6,tammy13@bootcamp.com,2021-04-13 17:34:37,2021-04-13 17:50:29,LOGOUT
WsTjv9TP71b2YOsZ,ftrevino@bootcamp.com,2021-04-13 17:35:30,2021-04-13 18:08:02,TIMEOUT
zenw2YwhZvdQDVPm,phyllis23@bootcamp.com,2021-04-13 17:40:24,2021-04-13 18:56:42,LOGOUT
uvsGN7G4fXcw6nNA,kevinandrade@bootcamp.com,2021-04-13 17:40:35,2021-04-13 20:48:17,TIMEOUT
xePHgRlOtuGAToUH,edwardgomez@bootcamp.com,2021-04-13 17:40:50,2021-04-13 18:03:21,TIMEOUT
0wBfobSEglWTk4GT,kimberly35@bootcamp.com,2021-04-13 17:41:29,2021-04-13 18:58:44,LOGOUT
XrpzF93HxukUDzIf,jasonwilliams@bootcamp.com,2021-04-13 17:42:09,2021-04-13 19:05:36,LOGOUT
wTr5lCPmH9G9GWKa,isaacmoreno@bootcamp.com,2021-04-13 17:43:01,2021-04-13 22:00:48,TIMEOUT
naZ6eAPtk4A17UL8,staceywilliams@bootcamp.com,2021-04-13 17:43:23,2021-04-13 19:08:31,LOGOUT
hxJzliBwQiJpvNr5,fernandezkaren@bootcamp.com,2021-04-13 17:43:51,2021-04-13 22:51:35,LOGOUT
xNFUcvHdXXxkoN1x,christopherthomas@bootcamp.com,2021-04-13 17:44:23,2021-04-13 20:37:04,TIMEOUT
6oWR5DlNhG3XrVCv,rwade@bootcamp.com,2021-04-13 17:44:34,2021-04-13 18:40:52,LOGOUT
RCM3FFB1Y6jbot2K,kimberly35@bootcamp.com,2021-04-13 17:45:23,2021-04-13 18:42:56,TIMEOUT
PIe26cNlAITJsqI5,richmondbrittany@bootcamp.com,2021-04-13 17:45:54,2021-04-13 17:48:24,TIMEOUT
c0LdsYmbYaKfe3zp,fernandezkaren@bootcamp.com,2021-04-13 17:46:32,2021-04-13 19:14:07,TIMEOUT
fOnXh8O2Kpri0fe6,jamesdenise@bootcamp.com,2021-04-13 17:48:11,2021-04-13 21:26:47,LOGOUT
JZoqNCmI7KLLZ6wM,montoyajoshua@bootcamp.com,2021-04-13 17:49:26,2021-04-13 18:33:49,LOGOUT
b5erWOVXbKyKY9Am,edwardgomez@bootcamp.com,2021-04-13 17:51:12,2021-04-13 18:08:43,TIMEOUT
6FtJQ6q0pJvFaKsh,uhill@bootcamp.com,2021-04-13 17:52:33,2021-04-13 19:10:44,LOGOUT
T1zu0vRUPZ0fsaFW,joshuamckinney@bootcamp.com,2021-04-13 17:52:59,2021-04-13 18:25:31,TIMEOUT
UfiDg0S5GmPCMPCM,jaredwright@bootcamp.com,2021-04-13 17:53:38,2021-04-13 18:01:08,TIMEOUT
AkL47sQfmiWkk0f4,djohnson@bootcamp.com,2021-04-13 17:56:48,2021-04-13 17:59:18,TIMEOUT
uuLbKBwrA8vtiwKr,peterharper@bootcamp.com,2021-04-13 17:57:04,2021-04-13 18:04:34,TIMEOUT
enXdJDxhS2GXK1Gj,danielsjohn@bootcamp.com,2021-04-13 17:58:00,2021-04-13 18:35:32,TIMEOUT
CMC0VuzXFputSVjH,kinghenry@bootcamp.com,2021-04-13 17:59:15,2021-04-13 18:39:43,LOGOUT
eVfRmxvojzzOctgZ,jaredwright@bootcamp.com,2021-04-13 17:59:15,2021-04-13 18:17:16,LOGOUT
6jW8bNpYmKIglsqG,joel69@bootcamp.com,2021-04-13 17:59:44,2021-04-13 18:42:16,TIMEOUT
QyoVITmrinJX2SR8,morgan54@bootcamp.com,2021-04-13 18:00:45,2021-04-13 18:41:47,LOGOUT
sT2iBGt5mhYflZTh,jaredwright@bootcamp.com,2021-04-13 18:00:54,2021-04-13 18:13:24,TIMEOUT
qOTrTAnYdzf9mQOu,jonathansmith@bootcamp.com,2021-04-13 18:01:05,2021-04-13 20:38:45,TIMEOUT
whv3cfMrrq66Vlbc,tscott@bootcamp.com,2021-04-13 18:04:04,2021-04-13 20:29:48,TIMEOUT
WQVlKLcY1WCRzCv1,daniel32@bootcamp.com,2021-04-13 18:06:24,2021-04-13 19:15:23,LOGOUT
UAnRq9puosDR0HHK,brendavalentine@bootcamp.com,2021-04-13 18:09:15,2021-04-13 20:11:53,TIMEOUT
jl9rT93EpAZMeWfT,baldwinmichael@bootcamp.com,2021-04-13 18:11:39,2021-04-13 20:09:16,TIMEOUT
kbgacQbdfU6A2LSk,isaacmoreno@bootcamp.com,2021-04-13 18:14:29,2021-04-13 21:24:31,LOGOUT
4MEFJhB2QUHFOtP0,mary29@bootcamp.com,2021-04-13 18:14:34,2021-04-13 18:22:04,TIMEOUT
0LvwVnksbt8tEqEL,jasonwilliams@bootcamp.com,2021-04-13 18:14:41,2021-04-13 22:01:15,LOGOUT
6pIxw5pXFUfhmspS,jessica44@bootcamp.com,2021-04-13 18:17:52,2021-04-13 19:06:17,LOGOUT
WXO4d8v92gRRtce5,staceywilliams@bootcamp.com,2021-04-13 18:20:35,2021-04-13 20:33:13,TIMEOUT
Cqlnps0PzSuuMLyj,christina36@bootcamp.com,2021-04-13 18:20:40,2021-04-13 18:41:12,LOGOUT
hNnTz21uJrBbx6PS,jorge78@bootcamp.com,2021-04-13 18:20:56,2021-04-13 22:23:42,TIMEOUT
F67j3ZNrW03GWyd0,jacksonchad@bootcamp.com,2021-04-13 18:21:18,2021-04-13 18:48:28,LOGOUT
EnLwaKhoY8J4pZqu,jaredwright@bootcamp.com,2021-04-13 18:21:33,2021-04-13 21:49:16,TIMEOUT
SVz1EGrUTdC91UTs,randerson@bootcamp.com,2021-04-13 18:28:21,2021-04-13 19:30:55,TIMEOUT
H5ZxHWges4CfVBh1,randerson@bootcamp.com,2021-04-13 18:29:58,2021-04-13 19:11:43,LOGOUT
Ik1cdWT8xRqEhYHQ,hfisher@bootcamp.com,2021-04-13 18:33:43,2021-04-13 21:33:48,LOGOUT
NjU9Z8HmuToMuA28,rwade@bootcamp.com,2021-04-13 18:35:43,2021-04-13 19:28:16,TIMEOUT
E7nGhfsSfo68hZ7A,chris85@bootcamp.com,2021-04-13 18:35:50,2021-04-13 19:15:09,LOGOUT
iMzDdubqUzd3mMjP,yrodriguez@bootcamp.com,2021-04-13 18:37:35,2021-04-13 19:00:06,TIMEOUT
JmNNDRTHRM4pcs1I,william61@bootcamp.com,2021-04-13 18:38:09,2021-04-13 21:08:44,LOGOUT
9DkLlHAyffOGVpQ8,chris85@bootcamp.com,2021-04-13 18:38:27,2021-04-13 20:06:02,TIMEOUT
xpLph7rOM64r2S89,pamelaschultz@bootcamp.com,2021-04-13 18:39:25,2021-04-13 19:36:58,TIMEOUT
Gl8pxVIZBFXHQm4z,cookeeric@bootcamp.com,2021-04-13 18:39:32,2021-04-13 21:27:13,TIMEOUT
bMnCE0aITUG97NsK,danielsjohn@bootcamp.com,2021-04-13 18:40:31,2021-04-13 20:08:06,TIMEOUT
7tcg0c3Cz653IxpO,hboyer@bootcamp.com,2021-04-13 18:43:26,2021-04-13 21:56:08,TIMEOUT
MU23YvtkuHCoNshM,robertphillips@bootcamp.com,2021-04-13 18:49:28,2021-04-13 19:12:10,LOGOUT
0pmWvNqx05d8J4Xk,russell55@bootcamp.com,2021-04-13 18:52:35,2021-04-13 20:05:09,TIMEOUT
vcOf24peaPzQCFfP,laurakey@bootcamp.com,2021-04-13 18:52:56,2021-04-13 20:30:32,TIMEOUT
DkFNQSd6Pu20CTy5,pmiller@bootcamp.com,2021-04-13 18:53:24,2021-04-13 23:15:51,LOGOUT
QhSUAvovYaEeiC4l,psummers@bootcamp.com,2021-04-13 18:55:16,2021-04-13 19:47:49,TIMEOUT
jDR6EQMbrhBTfIjg,garciakimberly@bootcamp.com,2021-04-13 19:05:13,2021-04-13 22:09:12,LOGOUT
tiKHsg6vb67LeBv9,jamesdenise@bootcamp.com,2021-04-13 19:06:22,2021-04-13 21:19:00,TIMEOUT
IqKsYw1Xok2PldDh,robertphillips@bootcamp.com,2021-04-13 19:07:26,2021-04-13 21:00:03,TIMEOUT
NF5UYxC4bXBRJjjR,christina36@bootcamp.com,2021-04-13 19:07:46,2021-04-13 20:30:21,TIMEOUT
WS8oOJSKrVqpihXJ,hernandezfrank@bootcamp.com,2021-04-13 19:10:30,2021-04-13 19:48:02,TIMEOUT
SvIywBW8s5N8cFkm,khall@bootcamp.com,2021-04-13 19:10:34,2021-04-13 19:53:06,TIMEOUT
Cj9vmluvRIIPFpmM,brendavalentine@bootcamp.com,2021-04-13 19:12:11,2021-04-13 22:16:51,TIMEOUT
sDV5IeHwiympnHGX,jamesdenise@bootcamp.com,2021-04-13 19:16:33,2021-04-13 20:04:06,TIMEOUT
UvMc2tV54tfBrvCJ,frankduran@bootcamp.com,2021-04-13 19:19:19,2021-04-13 21:16:56,TIMEOUT
39dQPfK06zfu9qPU,mary29@bootcamp.com,2021-04-13 19:29:09,2021-04-13 21:10:55,LOGOUT
dV6tyUK3ZaSN6hCi,staceywilliams@bootcamp.com,2021-04-13 19:36:30,2021-04-13 20:01:29,LOGOUT
IRCapmKdkNeM9GZ7,christopherthomas@bootcamp.com,2021-04-13 19:37:09,2021-04-13 20:28:48,LOGOUT
xuUzvhgx7FLiF3xR,gary20@bootcamp.com,2021-04-13 19:42:22,2021-04-13 20:14:54,TIMEOUT
ggZh8JT96zC2qga1,kinghenry@bootcamp.com,2021-04-13 19:43:27,2021-04-13 20:20:58,LOGOUT
8Ffym8AreOw3EN25,kbartlett@bootcamp.com,2021-04-13 19:44:55,2021-04-13 20:07:26,TIMEOUT
OBkETHvhiSn09PP4,jandrews@bootcamp.com,2021-04-13 19:45:42,2021-04-13 20:33:15,TIMEOUT
MW7jl67o8q2fTqd2,rickey61@bootcamp.com,2021-04-13 19:46:11,2021-04-13 20:03:42,TIMEOUT
HWDtoglGCaVPzZ0c,jorge78@bootcamp.com,2021-04-13 19:54:57,2021-04-13 20:14:09,LOGOUT
HYtioLms11utqmIX,johnjackson@bootcamp.com,2021-04-13 19:56:42,2021-04-13 20:59:16,TIMEOUT
3ZffzCWEAwlGUPHw,pamelaschultz@bootcamp.com,2021-04-13 19:56:47,2021-04-13 21:14:22,TIMEOUT
3kkg0wKoEdNxUnL4,xjohnson@bootcamp.com,2021-04-13 19:58:37,2021-04-13 21:50:05,TIMEOUT
lGVrueikEPfLekqt,garciakimberly@bootcamp.com,2021-04-13 20:02:03,2021-04-13 21:44:39,TIMEOUT
7CMIDQ0bvSbNzTgZ,kinghenry@bootcamp.com,2021-04-13 20:03:16,2021-04-13 21:25:51,TIMEOUT
jfA8RtBjpgCNe64V,amy69@bootcamp.com,2021-04-13 20:15:51,2021-04-13 22:38:30,TIMEOUT
rS9k3mN1ywmN2VIl,david90@bootcamp.com,2021-04-13 20:19:12,2021-04-13 22:01:48,TIMEOUT
Nt5apAeh1ozYo7Rl,christine42@bootcamp.com,2021-04-13 20:19:55,2021-04-13 20:47:27,LOGOUT
OauMvqdy5u9G7ltJ,ryangomez@bootcamp.com,2021-04-13 20:21:16,2021-04-13 20:55:05,LOGOUT
Y9jiJjDbSInQOj3k,hfisher@bootcamp.com,2021-04-13 20:22:40,2021-04-13 21:50:15,TIMEOUT
ATA3xn1PVfcFOyAz,kevinandrade@bootcamp.com,2021-04-13 20:23:45,2021-04-13 21:06:17,TIMEOUT
I2BVtrefJDd2aDrL,jaredwright@bootcamp.com,2021-04-13 20:24:11,2021-04-13 20:37:47,LOGOUT
ML2R7zqAGdKb1Wjp,wgaines@bootcamp.com,2021-04-13 20:31:32,2021-04-13 21:44:06,TIMEOUT
vNLpUoluBN84DjhK,tscott@bootcamp.com,2021-04-13 20:33:22,2021-04-13 21:00:53,TIMEOUT
k49aBGUEDXoagFuI,owenrobyn@bootcamp.com,2021-04-13 20:40:00,2021-04-13 22:47:38,TIMEOUT
7mt3TGWerbNhk20B,gpalmer@bootcamp.com,2021-04-13 20:42:12,2021-04-13 23:27:37,LOGOUT
ed0lmt19TJmddB27,david90@bootcamp.com,2021-04-13 20:43:03,2021-04-13 21:20:35,TIMEOUT
LpxwCJ7q1qVFa4x9,xcrawford@bootcamp.com,2021-04-13 20:43:40,2021-04-13 21:00:39,LOGOUT
HwwrBKsiig6fFuSj,brooksstephanie@bootcamp.com,2021-04-13 20:43:56,2021-04-13 21:36:29,TIMEOUT
0QTGOJ6nESelHE06,wgaines@bootcamp.com,2021-04-13 20:45:39,2021-04-13 21:08:10,TIMEOUT
9Vwk4H6HnQVKPHXW,mcfarlandjoshua@bootcamp.com,2021-04-13 20:51:38,2021-04-13 22:44:15,TIMEOUT
MVP5CmA0Q6M2faeL,kimchristine@bootcamp.com,2021-04-13 20:57:29,2021-04-13 23:10:07,TIMEOUT
G517LV1F9VUtPMvp,william61@bootcamp.com,2021-04-13 21:00:38,2021-04-13 23:38:18,TIMEOUT
gs4NA6awjlt2mK0T,guzmanjennifer@bootcamp.com,2021-04-13 21:02:08,2021-04-13 21:35:11,LOGOUT
NAc2dEwN6jXgGxUk,johnsonchristopher@bootcamp.com,2021-04-13 21:04:32,2021-04-13 22:52:09,TIMEOUT
w2u1AOrqxoQ4icKH,jessica49@bootcamp.com,2021-04-13 21:09:04,2021-04-13 21:11:34,TIMEOUT
r3CE4epIKSdRwOZI,guzmanjennifer@bootcamp.com,2021-04-13 21:11:06,2021-04-13 21:43:38,TIMEOUT
4K2HoAJ6K1Zo410z,rachel09@bootcamp.com,2021-04-13 21:34:24,2021-04-13 21:41:54,TIMEOUT
x5ahyg3XcKHogZu3,brendavalentine@bootcamp.com,2021-04-13 21:39:01,2021-04-13 21:46:17,LOGOUT
ZrhvzpRpk9535j1J,jdaniel@bootcamp.com,2021-04-13 21:45:04,2021-04-13 22:42:32,LOGOUT
RBCdV3zpxkuF7txU,richmondbrittany@bootcamp.com,2021-04-13 21:56:46,2021-04-13 23:39:22,LOGOUT
A0vP08fV2xx11jik,ryan58@bootcamp.com,2021-04-13 22:03:51,2021-04-13 23:41:27,TIMEOUT
gKrRAK3fqrntEqY4,william61@bootcamp.com,2021-04-13 22:06:11,2021-04-13 23:36:49,LOGOUT
5zqQzAtAT89hZ8ol,fmcfarland@bootcamp.com,2021-04-13 22:08:34,2021-04-13 23:21:08,TIMEOUT
ln8GxjPUD8etF3Yq,jenniferwhite@bootcamp.com,2021-04-13 22:37:35,2021-04-13 22:56:10,LOGOUT
MpqPqSRi1z5T0tLF,brandon33@bootcamp.com,2021-04-13 22:38:27,2021-04-13 23:40:23,LOGOUT
bwTacKIowZk7AhvP,yrodriguez@bootcamp.com,2021-04-13 22:47:12,2021-04-13 23:37:34,LOGOUT
