Serial,Issues
7cc3c6ffadef16721538b45f7debfe3a12f085b0,Expired (Valid Till: 30.08.2023)
32b46c68ad7465583429c1f712cc144a5ece5fe2,Expired (Valid Till: 25.12.2023)
5aa4a0918ad1e4da595fdae59f7caa0984d72d34,Expired (Valid Till: 30.09.2022)
2fd5f18c72d75ee43abd660b7a5d6e982646fb4,Expired (Valid Till: 23.06.2023)
597deadadeedfad8472d89cf88f7f1dd85d858a,Expired (Valid Till: 20.06.2023)
d4b550bac3121a75e9a80d7673c4b00,Expired (Valid Till: 04.10.2023)
1b0834f455a1a1728e05ffdb9ec5d277f46a31bc,Expired (Valid Till: 27.06.2023) | Self-signed certificate (Issuer same as CN) | Untrusted Authority (Issuer: rd.swabcd.mycorp-machine.com)
5e068cb34a85eec7fff02ac3334a07e961958372,Expired (Valid Till: 23.06.2023)
59173a2ab482f51ab364f39c5039f616badab6ed,Expired (Valid Till: 20.06.2023)
47857bbeb5e2025a6f47d37a4b58712ae9a,Expired (Valid Till: 12.10.2023) | Untrusted Authority (Issuer: R3)
73804362e239ef18f325e98986f2cc12e2008a18,Expired (Valid Till: 18.02.2023)
a45f4798640c48090be1005823ceb46,Expired (Valid Till: 09.07.2023)
71233531afdf9ca284d9b7e31b5046d5468be07a,Expired (Valid Till: 06.01.2023)
767a2243928293c143d614c3c27f4d8002f9fb3f,Expired (Valid Till: 30.09.2022) | Revoked certificate
4ec79d400541ee1fdcf7b126f6f4dcebf5f4e203,Expired (Valid Till: 17.06.2023)
6e8150417233a29543a8e1a01bf54b47cafcd5bd,Expired (Valid Till: 17.06.2023)
22000057f780dacbab7fc0848a0001000057f7,Expired (Valid Till: 02.12.2022) | Untrusted Authority (Issuer: CA Partner 4 mycorp machine)
6fd45a02cc20d8bd91bd2639e97de6c050765719,Expired (Valid Till: 18.05.2023)
9f6a02fff6ba0799f84aff925de14c3,Expired (Valid Till: 09.06.2023)
2f5a609737c4fdc0e98b9c2359886a21bde8d026,Expired (Valid Till: 06.01.2023)
7a1231d6d4622cb82ff62eceb8f56571900f69d1,Expired (Valid Till: 27.08.2023) | Weak Key Length (RSA 1024 bits) | Insecure Signature Algorithm (SHA-1)
